welfare_id,welfarelife_life_id
1,1
2,2
2,3
2,4
2,5
3,2
3,3
3,4
3,5
4,2
4,3
4,4
4,5
5,2
5,3
5,4
5,5
6,2
6,3
6,4
6,5
7,2
7,3
7,4
7,5
8,2
8,3
8,4
8,5
9,2
9,3
9,4
9,5
10,2
10,3
10,4
10,5
11,2
11,3
11,4
11,5
12,2
12,3
12,4
12,5
13,2
13,3
13,4
13,5
14,2
14,3
14,4
14,5
15,2
15,3
15,4
15,5
16,2
16,3
16,4
16,5
17,2
17,3
17,4
17,5
18,2
18,3
18,4
18,5
19,2
19,3
19,4
19,5
20,2
20,3
20,4
20,5
21,2
21,3
21,4
21,5
22,2
22,3
22,4
22,5
23,2
23,3
23,4
23,5
24,2
24,3
24,4
24,5
25,2
25,3
25,4
26,2
26,3
26,4
26,5
27,2
27,3
27,4
28,2
28,3
28,4
28,5
29,2
29,3
29,4
29,5
30,2
30,3
30,4
30,5
31,2
31,3
31,4
31,5
32,2
32,3
32,4
32,5
33,5
34,1
34,2
34,3
34,4
34,5
35,1
35,2
35,3
35,4
35,5
36,1
36,2
36,3
36,4
36,5
37,2
37,3
37,4
37,5
38,2
38,3
38,4
38,5
39,1
39,2
40,1
40,2
41,2
42,2
42,3
42,4
42,5
43,2
43,3
43,4
44,5
45,1
46,2
46,3
46,4
47,1
47,2
48,5
49,1
49,2
49,3
49,4
49,5
50,5
51,5
52,1
52,2
52,3
52,4
52,5
53,1
53,2
53,3
53,4
53,5
54,2
54,3
54,4
54,5
55,1
55,2
55,3
55,4
55,5
56,5
57,2
57,3
57,4
58,1
58,2
59,1
60,5
61,2
61,3
61,4
61,5
62,1
62,2
63,1
63,2
63,3
63,4
63,5
64,2
64,3
64,4
65,1
65,2
65,3
65,4
65,5
66,1
66,2
66,3
66,4
66,5
67,1
67,2
67,3
67,4
67,5
68,1
68,2
69,5
70,2
70,3
70,4
70,5
71,1
71,2
71,3
71,4
71,5
72,1
72,2
72,3
72,4
72,5
73,1
73,2
73,3
73,4
73,5
74,2
75,2
75,3
75,4
75,5
76,2
76,3
76,4
76,5
77,1
77,2
77,3
77,4
77,5
78,2
78,3
78,4
78,5
79,2
79,3
79,4
79,5
80,2
80,3
80,4
80,5
81,2
81,3
81,4
81,5
82,2
82,3
82,4
82,5
83,2
83,3
83,4
83,5
84,2
84,3
84,4
84,5
85,1
85,2
85,3
85,4
85,5
86,2
86,3
86,4
86,5
87,2
87,3
87,4
87,5
88,2
89,2
89,3
89,4
89,5
90,2
90,3
90,4
90,5
91,5
92,2
92,3
92,4
92,5
93,2
93,3
93,4
93,5
94,2
94,3
94,4
94,5
95,2
95,3
95,4
95,5
96,2
96,3
96,4
96,5
97,2
97,3
97,4
97,5
98,2
98,3
98,4
98,5
99,2
99,3
99,4
100,2
100,3
100,4
100,5
101,2
101,3
101,4
101,5
102,2
102,3
102,4
102,5
103,2
103,3
103,4
103,5
104,2
104,3
104,4
104,5
105,2
105,3
105,4
105,5
106,2
106,3
106,4
106,5
107,2
107,3
107,4
107,5
108,2
108,3
108,4
108,5
109,2
109,3
109,4
109,5
110,2
110,3
110,4
110,5
111,2
111,3
111,4
111,5
112,2
112,3
112,4
112,5
113,2
113,3
113,4
113,5
114,2
114,3
114,4
114,5
115,5
116,2
116,3
116,4
116,5
117,2
117,3
117,4
117,5
118,2
118,3
118,4
118,5
119,2
119,3
119,4
119,5
120,2
120,3
120,4
120,5
121,2
121,3
121,4
121,5
122,2
122,3
122,4
122,5
123,2
123,3
123,4
123,5
124,2
124,3
124,4
124,5
125,2
125,3
125,4
125,5
126,2
126,3
126,4
126,5
127,2
127,3
127,4
127,5
128,2
128,3
128,4
128,5
129,2
129,3
129,4
129,5
130,2
130,3
130,4
130,5
131,2
131,3
131,4
132,2
132,3
132,4
133,2
133,3
133,4
133,5
134,2
134,3
134,4
134,5
135,2
135,3
135,4
135,5
136,2
136,3
136,4
136,5
137,1
137,2
137,3
137,4
137,5
138,2
138,3
138,4
138,5
139,1
139,2
139,3
139,4
139,5
140,2
140,3
140,4
141,2
141,3
141,4
141,5
142,1
142,2
142,3
142,4
142,5
143,1
143,2
143,3
143,4
143,5
144,1
144,2
145,2
145,3
145,4
145,5
146,2
146,3
146,4
147,2
147,3
147,4
147,5
148,2
148,3
148,4
149,2
149,3
149,4
149,5
150,5
151,2
151,3
151,4
152,1
152,2
152,3
152,4
152,5
153,5
154,1
154,2
154,3
154,4
154,5
155,1
155,2
155,3
155,4
155,5
156,1
156,2
156,3
156,4
156,5
157,2
157,3
157,4
158,2
158,3
158,4
159,1
159,2
159,3
159,4
159,5
160,2
160,3
160,4
161,1
161,2
161,3
161,4
161,5
162,1
162,2
162,3
162,4
162,5
163,5
164,5
165,1
165,2
166,2
166,3
166,4
167,1
167,2
167,3
167,4
167,5
168,5
169,2
169,3
169,4
170,2
170,3
170,4
171,5
172,1
172,2
172,3
172,4
172,5
173,5
174,5
175,1
175,2
175,3
175,4
175,5
176,2
177,2
177,3
177,4
178,2
178,3
178,4
179,1
179,2
179,3
179,4
179,5
180,1
180,2
180,3
180,4
180,5
181,1
182,2
182,3
182,4
182,5
183,1
183,2
184,5
185,5
186,5
187,2
187,3
187,4
188,2
188,3
189,2
190,1
190,2
190,3
190,4
190,5
191,1
191,2
191,3
191,4
191,5
192,5
193,1
193,2
193,3
193,4
193,5
194,1
194,2
194,3
194,4
194,5
195,1
195,2
195,3
195,4
195,5
196,1
196,2
196,3
196,4
196,5
197,2
197,3
197,4
198,5
199,1
199,2
199,3
200,1
200,2
200,3
200,4
200,5
201,1
201,2
201,3
201,4
201,5
202,1
202,2
202,3
202,4
202,5
203,1
203,2
203,3
203,4
203,5
204,1
204,2
204,3
204,4
204,5
205,5
206,2
206,3
206,4
207,1
208,1
209,2
209,3
209,4
210,1
211,2
211,3
211,4
212,2
212,3
212,4
213,1
213,2
213,3
213,4
213,5
214,1
214,2
214,3
214,4
214,5
215,2
215,3
215,4
216,2
216,3
216,4
216,5
217,2
218,1
218,2
219,1
219,2
220,1
220,2
220,3
220,4
220,5
221,1
221,2
221,3
221,4
221,5
222,1
222,2
222,3
222,4
222,5
223,1
223,2
223,3
223,4
223,5
224,4
224,5
225,4
225,5
226,5
227,2
227,3
227,4
227,5
228,3
228,4
229,2
229,3
229,4
229,5
230,1
230,2
230,3
230,4
230,5
231,2
231,3
231,4
231,5
232,1
232,2
232,3
232,4
232,5
233,3
233,4
233,5
234,3
234,4
234,5
235,3
235,4
235,5
236,5
237,1
237,2
237,3
237,4
237,5
238,1
238,2
238,3
238,4
238,5
239,1
239,2
239,3
239,4
239,5
240,1
240,2
241,1
241,2
241,3
241,4
241,5
242,2
242,3
242,4
242,5
243,3
243,4
243,5
244,2
244,3
244,4
244,5
245,2
245,3
245,4
245,5
246,2
246,3
246,4
246,5
247,5
248,2
248,3
248,4
248,5
249,2
249,3
249,4
250,1
250,2
251,1
251,2
251,3
251,4
251,5
252,2
252,3
252,4
253,2
253,3
253,4
254,1
254,2
254,3
254,4
254,5
255,2
255,3
255,4
256,1
256,2
256,3
256,4
256,5
257,2
257,3
257,4
258,2
258,3
258,4
259,1
259,2
260,2
260,3
260,4
261,2
261,3
261,4
262,1
262,2
262,3
262,4
262,5
263,2
263,3
263,4
263,5
264,2
264,3
264,4
265,4
265,5
266,1
266,2
266,3
266,4
266,5
267,2
268,1
269,2
269,3
269,4
270,1
270,2
270,3
270,4
270,5
271,3
271,4
271,5
272,1
272,2
272,3
272,4
272,5
273,5
274,2
274,3
274,4
275,2
275,3
275,4
276,2
276,3
276,4
277,5
278,1
278,2
278,3
278,4
278,5
279,2
279,3
279,4
280,2
280,3
280,4
281,1
281,2
281,3
281,4
281,5
282,5
283,2
283,3
283,4
284,2
284,3
284,4
285,1
285,2
286,1
286,2
286,3
286,4
286,5
287,2
287,3
287,4
288,2
288,3
288,4
288,5
289,5
290,2
290,3
290,4
291,1
291,2
291,3
291,4
291,5
292,2
292,3
292,4
293,2
293,3
293,4
293,5
294,4
294,5
295,2
295,3
295,4
296,1
296,2
297,1
298,2
298,3
298,4
299,1
299,2
299,3
299,4
299,5
300,2
300,3
300,4
301,1
301,2
301,3
301,4
301,5
302,1
302,2
303,1
303,2
303,3
303,4
303,5
304,5
305,5
306,1
306,2
306,3
306,4
306,5
307,5
308,2
308,3
308,4
308,5
309,1
309,2
309,3
309,4
309,5
310,1
310,2
310,3
310,4
310,5
311,2
311,3
311,4
312,2
312,3
312,4
312,5
313,1
313,2
313,3
313,4
313,5
314,2
314,3
314,4
315,2
315,3
315,4
316,5
317,1
317,2
317,3
317,4
317,5
318,1
318,2
318,3
318,4
318,5
319,2
319,3
319,4
320,1
320,2
320,3
320,4
320,5
321,5
322,5
323,1
323,2
323,3
323,4
323,5
324,2
324,3
324,4
325,2
325,3
325,4
326,5
327,1
327,2
327,3
327,4
327,5
328,1
328,2
328,3
328,4
328,5
329,5
330,5
331,1
331,2
331,3
331,4
331,5
332,1
332,2
332,3
332,4
332,5
333,1
334,1
335,1
336,1
336,2
336,3
336,4
336,5
337,2
337,3
337,4
338,2
338,3
338,4
338,5
339,5
340,2
340,3
340,4
341,1
341,2
341,3
341,4
341,5
342,2
342,3
342,4
343,1
343,2
343,3
343,4
343,5
344,1
344,2
344,3
344,4
344,5
345,2
345,3
345,4
346,2
346,3
346,4
347,1
347,2
347,3
347,4
347,5
348,1
348,2
349,2
350,2
350,3
350,4
350,5
351,2
351,3
351,4
352,1
352,2
352,3
352,4
352,5
353,1
353,2
353,3
353,4
353,5
354,5
355,2
355,3
355,4
356,2
356,3
356,4
357,1
357,2
357,3
357,4
357,5
358,2
358,3
358,4
358,5
359,1
359,2
359,3
359,4
359,5
360,1
360,2
360,3
360,4
360,5
361,2
361,3
361,4
361,5
362,1
362,2
362,3
362,4
362,5
363,1
363,2
364,2
364,3
365,1
365,2
366,2
366,3
366,4
366,5
367,1
367,2
367,3
367,4
367,5
368,1
368,2
369,1
369,2
369,3
369,4
369,5
370,2
370,3
370,4
371,1
371,2
371,3
371,4
371,5
372,1
372,2
373,2
373,3
373,4
374,1
374,2
375,2
375,3
375,4
376,1
376,2
376,3
376,4
376,5
377,5
378,1
379,1
379,2
380,2
380,3
380,4
380,5
381,5
382,2
383,2
384,2
384,3
384,4
385,2
385,3
385,4
385,5
386,1
386,2
386,3
386,4
386,5
387,2
388,5
389,2
390,5
391,2
391,3
391,4
392,5
393,1
393,2
393,3
393,4
393,5
394,5
395,1
395,2
395,3
395,4
395,5
396,2
396,3
396,4
397,1
397,2
397,3
397,4
397,5
398,1
398,2
399,1
399,2
400,1
400,2
400,3
400,4
400,5
401,1
401,2
402,1
402,2
402,3
402,4
402,5
403,1
403,2
403,3
403,4
403,5
404,1
404,2
404,3
404,4
404,5
405,2
405,3
405,4
406,5
407,2
407,3
407,4
408,1
408,2
408,3
408,4
408,5
409,2
410,2
410,3
410,4
410,5
411,2
411,3
411,4
412,1
412,2
412,3
412,4
412,5
413,1
414,1
414,2
415,1
416,5
417,5
418,1
418,2
418,3
418,4
418,5
419,5
420,2
420,3
420,4
420,5
421,2
422,2
422,3
422,4
423,2
423,3
423,4
424,2
424,3
424,4
425,5
426,1
426,2
427,2
427,3
427,4
428,1
428,2
428,3
428,4
428,5
429,2
429,3
429,4
430,1
430,2
430,3
430,4
430,5
431,1
431,2
431,3
431,4
431,5
432,1
433,1
433,2
434,2
434,3
434,4
435,2
435,3
435,4
436,2
437,5
438,2
438,3
438,4
439,2
439,3
440,2
440,3
440,4
441,2
441,3
441,4
442,2
443,1
443,2
443,3
443,4
443,5
444,2
445,2
445,3
445,4
446,1
446,2
446,3
446,4
446,5
447,2
447,3
447,4
448,2
449,2
449,3
449,4
450,1
451,5
452,5
453,5
454,2
454,3
454,4
455,2
455,3
455,4
456,5
457,2
457,3
457,4
458,2
458,3
458,4
459,2
459,3
459,4
459,5
460,3
460,4
460,5
461,1
461,2
461,3
461,4
461,5
462,1
462,2
462,3
462,4
462,5
463,2
463,3
463,4
464,2
464,3
464,4
465,1
465,2
465,3
465,4
465,5
466,1
466,2
466,3
466,4
466,5
467,5
468,2
469,1
469,2
469,3
469,4
469,5
470,1
470,2
470,3
470,4
470,5
471,1
471,2
471,3
471,4
471,5
472,1
472,2
473,2
473,3
473,4
473,5
474,1
474,2
475,2
475,3
475,4
476,2
476,3
476,4
477,2
478,5
479,2
479,3
479,4
480,2
480,3
480,4
481,2
481,3
481,4
482,1
482,2
482,3
482,4
483,5
484,1
484,2
484,3
484,4
484,5
485,2
485,3
485,4
485,5
486,1
486,2
486,3
486,4
486,5
487,1
487,2
487,3
487,4
487,5
488,2
488,3
488,4
488,5
489,1
489,2
490,1
491,2
491,3
491,4
492,2
492,3
492,4
493,2
493,3
493,4
494,5
495,2
495,3
495,4
495,5
496,1
496,2
497,1
497,2
497,3
497,4
497,5
498,1
498,2
498,3
498,4
499,1
500,2
500,3
500,4
500,5
501,1
502,2
502,3
502,4
502,5
503,1
503,2
504,1
504,2
504,3
504,4
504,5
505,1
505,2
505,3
505,4
505,5
506,1
506,2
506,3
506,4
506,5
507,2
507,3
507,4
508,2
508,3
508,4
508,5
509,1
509,2
509,3
509,4
509,5
510,2
510,3
510,4
510,5
511,2
512,1
512,2
512,3
512,4
512,5
513,2
513,3
513,4
513,5
514,2
514,3
514,4
515,1
515,2
515,3
515,4
515,5
516,2
517,2
517,3
517,4
517,5
518,2
518,3
518,4
519,2
519,3
519,4
520,1
520,2
520,3
520,4
520,5
521,2
521,3
521,4
521,5
522,2
522,3
522,4
522,5
523,2
523,3
523,4
524,2
524,3
524,4
524,5
525,1
525,2
525,3
525,4
525,5
526,2
526,3
526,4
526,5
527,1
527,2
527,3
527,4
527,5
528,2
528,3
528,4
529,2
529,3
529,4
529,5
530,2
530,3
530,4
530,5
531,2
531,3
531,4
532,2
532,3
532,4
532,5
533,2
533,3
533,4
533,5
534,1
534,2
535,1
536,2
536,3
536,4
536,5
537,2
537,3
537,4
537,5
538,2
538,3
538,4
538,5
539,2
539,3
539,4
540,2
540,3
540,4
541,2
541,3
541,4
542,1
542,2
543,1
543,2
543,3
543,4
543,5
544,5
545,2
545,3
545,4
546,1
546,2
546,3
546,4
546,5
547,2
547,3
547,4
548,1
548,2
549,2
549,3
549,4
550,1
550,2
550,3
550,4
550,5
551,2
551,3
551,4
552,5
553,2
553,3
553,4
554,5
555,2
555,3
555,4
555,5
556,5
557,2
557,3
557,4
558,1
558,2
558,3
558,4
558,5
559,2
559,3
559,4
559,5
560,1
560,2
560,3
560,4
560,5
561,1
561,2
561,3
561,4
561,5
562,1
562,2
562,3
562,4
562,5
563,5
564,1
565,1
565,2
565,3
565,4
565,5
566,5
567,2
567,3
567,4
568,2
568,3
568,4
569,2
569,3
569,4
570,1
570,2
570,3
570,4
570,5
571,2
571,3
571,4
572,2
572,3
572,4
572,5
573,1
573,2
574,2
574,3
574,4
575,2
575,3
575,4
576,2
576,3
576,4
577,1
577,2
578,2
578,3
578,4
578,5
579,1
579,2
580,2
581,2
581,3
581,4
582,2
583,2
583,3
583,4
583,5
584,2
584,3
584,4
584,5
585,2
585,3
585,4
585,5
586,2
586,3
586,4
586,5
587,2
587,3
587,4
587,5
588,2
588,3
588,4
589,1
589,2
589,3
589,4
589,5
590,2
590,3
590,4
590,5
591,2
591,3
591,4
591,5
592,5
593,1
593,2
593,3
593,4
593,5
594,4
594,5
595,5
596,2
596,3
596,4
597,2
597,3
597,4
597,5
598,2
598,3
598,4
598,5
599,3
599,4
599,5
600,5
601,5
602,2
602,3
602,4
603,2
604,1
605,1
605,2
605,3
606,2
606,3
606,4
607,1
607,2
608,2
608,3
608,4
609,1
609,2
609,3
609,4
609,5
610,5
611,2
611,3
611,4
611,5
612,2
613,5
614,1
614,2
614,3
614,4
614,5
615,2
615,3
615,4
616,1
616,2
617,5
618,5
619,2
619,3
619,4
620,2
620,3
620,4
621,2
621,3
621,4
622,5
623,2
623,3
623,4
624,1
624,2
625,2
625,3
625,4
626,2
626,3
626,4
626,5
627,2
627,3
627,4
628,1
628,2
628,3
628,4
628,5
629,1
629,2
629,3
629,4
629,5
630,2
630,3
630,4
631,1
631,2
631,3
631,4
631,5
632,2
633,1
633,2
633,3
633,4
633,5
634,2
634,3
634,4
635,1
635,2
635,3
635,4
635,5
636,1
636,2
636,3
636,4
636,5
637,5
638,1
638,2
638,3
638,4
638,5
639,1
639,2
639,3
639,4
639,5
640,2
640,3
640,4
640,5
641,2
641,3
641,4
642,2
642,3
642,4
642,5
643,2
643,3
643,4
644,2
644,3
644,4
645,2
645,3
645,4
646,1
646,2
646,3
646,4
646,5
647,1
647,2
647,3
647,4
647,5
648,1
648,2
648,3
648,4
648,5
649,2
649,3
649,4
649,5
650,2
650,3
650,4
651,1
651,2
652,1
652,2
652,3
652,4
652,5
653,1
653,2
653,3
653,4
653,5
654,2
654,3
654,4
655,1
655,2
656,2
656,3
656,4
657,5
658,2
658,3
658,4
658,5
659,2
659,3
659,4
660,2
660,3
660,4
661,5
662,2
662,3
662,4
663,1
663,2
664,2
664,3
664,4
665,2
665,3
665,4
666,2
666,3
666,4
667,2
667,3
667,4
667,5
668,2
668,3
668,4
668,5
669,1
669,2
670,2
670,3
670,4
670,5
671,2
671,3
671,4
672,1
672,2
672,3
672,4
672,5
673,1
673,2
673,3
673,4
673,5
674,5
675,5
676,2
676,3
676,4
677,1
677,2
677,3
677,4
677,5
678,1
679,2
679,3
679,4
680,2
680,3
680,4
681,2
682,2
682,3
682,4
683,2
683,3
683,4
683,5
684,2
684,3
684,4
684,5
685,1
685,2
685,3
685,4
685,5
686,1
687,5
688,1
688,2
688,3
688,4
688,5
689,1
689,2
690,5
691,2
691,3
691,4
692,2
692,3
692,4
693,2
693,3
693,4
694,2
694,3
694,4
695,1
695,2
695,3
695,4
695,5
696,5
697,2
697,3
697,4
697,5
698,1
699,1
699,2
699,3
699,4
699,5
700,1
700,2
701,2
701,3
701,4
702,2
702,3
702,4
702,5
703,1
703,2
703,3
703,4
703,5
704,5
705,2
705,3
705,4
706,2
706,3
706,4
707,1
707,2
707,3
707,4
707,5
708,1
708,2
708,3
708,4
708,5
709,2
709,3
709,4
710,1
710,2
710,3
710,4
710,5
711,2
711,3
711,4
711,5
712,2
712,3
712,4
713,1
713,2
713,3
713,4
713,5
714,2
715,1
715,2
715,3
715,4
715,5
716,1
716,2
716,3
716,4
716,5
717,1
717,2
717,3
717,4
717,5
718,2
718,3
718,4
719,2
719,3
719,4
720,1
720,2
720,3
720,4
720,5
721,2
721,3
721,4
722,2
722,3
722,4
723,2
723,3
723,4
724,1
725,1
725,2
726,1
726,2
726,3
726,4
727,2
727,3
727,4
727,5
728,2
728,3
728,4
729,2
729,3
729,4
730,2
730,3
730,4
731,2
731,3
731,4
732,5
733,2
733,3
733,4
734,1
734,2
734,3
734,4
734,5
735,1
735,2
735,3
735,4
735,5
736,2
736,3
736,4
737,2
737,3
737,4
738,2
738,3
738,4
739,2
739,3
739,4
740,1
740,2
740,3
740,4
740,5
741,3
741,4
741,5
742,2
742,3
742,4
743,2
743,3
743,4
743,5
744,1
744,2
744,3
744,4
744,5
745,2
745,3
745,4
745,5
746,1
746,2
746,3
746,4
746,5
747,1
747,2
747,3
747,4
747,5
748,1
748,2
748,3
748,4
748,5
749,2
749,3
749,4
750,2
750,3
750,4
751,1
751,2
751,3
751,4
751,5
752,1
752,2
752,3
752,4
752,5
753,5
754,1
755,1
755,2
756,2
756,3
756,4
756,5
757,2
757,3
757,4
757,5
758,2
758,3
758,4
759,2
759,3
759,4
760,2
760,3
760,4
761,5
762,1
762,2
762,3
762,4
762,5
763,2
763,3
763,4
763,5
764,1
764,2
764,3
764,4
764,5
765,2
765,3
765,4
766,5
767,2
767,3
767,4
768,2
769,1
770,2
770,3
770,4
771,1
771,2
771,3
771,4
771,5
772,1
772,2
773,1
773,2
773,3
773,4
773,5
774,2
775,2
775,3
775,4
775,5
776,2
777,2
777,3
777,4
778,5
779,1
779,2
780,2
780,3
780,4
781,5
782,5
783,1
783,2
783,3
783,4
783,5
784,1
784,2
784,3
784,4
784,5
785,1
785,2
785,3
785,4
785,5
786,1
786,2
786,3
786,4
786,5
787,1
787,2
788,1
788,2
788,3
788,4
788,5
789,1
789,2
789,3
789,4
789,5
790,1
790,2
790,3
790,4
790,5
791,1
792,2
792,3
792,4
792,5
793,2
793,3
793,4
793,5
794,2
794,3
794,4
795,2
795,3
795,4
796,2
796,3
796,4
797,1
797,2
798,2
798,3
798,4
799,1
799,2
800,1
800,2
800,3
800,4
800,5
801,2
801,3
801,4
801,5
802,5
803,2
803,3
803,4
803,5
804,1
804,2
804,3
804,4
804,5
805,2
805,3
805,4
805,5
806,2
806,3
806,4
807,5
808,1
808,2
808,3
808,4
808,5
809,1
809,2
809,3
809,4
809,5
810,5
811,2
811,3
811,4
811,5
812,2
812,3
812,4
812,5
813,2
813,3
813,4
814,2
814,3
814,4
814,5
815,1
815,2
815,3
815,4
816,1
817,2
817,3
817,4
817,5
818,2
819,2
819,3
819,4
820,2
820,3
820,4
821,1
821,2
821,3
821,4
821,5
822,1
822,2
822,3
822,4
822,5
823,2
823,3
823,4
824,5
825,2
825,3
825,4
825,5
826,2
826,3
826,4
827,1
827,2
827,3
827,4
827,5
828,1
828,2
828,3
828,4
828,5
829,5
830,1
830,2
830,3
830,4
830,5
831,2
831,3
831,4
832,1
832,2
832,3
832,4
832,5
833,2
833,3
833,4
833,5
834,2
834,3
834,4
835,2
835,3
835,4
836,5
837,1
837,2
837,3
837,4
837,5
838,2
838,3
838,4
839,1
839,2
839,3
839,4
839,5
840,1
840,2
840,3
840,4
840,5
841,1
841,2
841,3
841,4
841,5
842,2
842,3
842,4
843,2
843,3
843,4
844,1
844,2
845,2
845,3
845,4
846,1
846,2
846,3
846,4
846,5
847,2
847,3
847,4
848,1
848,2
848,3
848,4
848,5
849,2
850,2
850,3
850,4
851,2
851,3
851,4
852,5
853,1
854,2
854,3
854,4
854,5
855,2
855,3
855,4
856,2
856,3
856,4
857,5
858,1
858,2
858,3
858,4
858,5
859,2
859,3
859,4
860,1
860,2
860,3
860,4
860,5
861,2
861,3
861,4
862,1
862,2
863,1
863,2
864,2
864,3
864,4
865,1
865,2
866,1
866,2
866,3
866,4
866,5
867,2
867,3
867,4
867,5
868,1
868,2
869,1
869,2
870,1
871,2
871,3
871,4
872,2
872,3
872,4
873,2
873,3
873,4
874,2
874,3
874,4
875,1
875,2
875,3
875,4
875,5
876,1
876,2
876,3
876,4
876,5
877,2
877,3
877,4
878,1
878,2
878,3
878,4
878,5
879,2
879,3
879,4
879,5
880,2
880,3
880,4
880,5
881,1
881,2
881,3
881,4
881,5
882,1
883,1
883,2
883,3
883,4
883,5
884,2
884,3
884,4
884,5
885,1
885,2
886,1
886,2
886,3
886,4
886,5
887,2
887,3
887,4
888,2
888,3
888,4
888,5
889,2
889,3
889,4
890,1
891,1
892,2
892,3
892,4
893,2
893,3
893,4
894,2
894,3
894,4
895,2
895,3
895,4
896,2
896,3
896,4
896,5
897,2
898,2
898,3
898,4
899,1
899,2
899,3
899,4
899,5
900,1
900,2
900,3
900,4
900,5
901,5
902,2
902,3
902,4
903,1
903,2
903,3
903,4
903,5
904,2
904,3
904,4
904,5
905,2
905,3
905,4
906,2
906,3
906,4
907,1
907,2
907,3
907,4
907,5
908,2
908,3
908,4
909,2
909,3
909,4
910,5
911,5
912,2
912,3
912,4
913,1
913,2
914,1
915,2
915,3
915,4
916,5
917,1
917,2
917,3
917,4
917,5
918,1
918,2
918,3
918,4
919,1
919,2
919,3
919,4
919,5
920,1
920,2
920,3
920,4
920,5
921,2
921,3
921,4
921,5
922,1
922,2
922,3
922,4
922,5
923,1
923,2
923,3
923,4
924,1
924,2
924,3
924,4
924,5
925,1
925,2
925,3
925,4
926,1
926,2
926,3
926,4
926,5
927,1
927,2
927,3
927,4
927,5
928,1
928,2
928,3
928,4
929,2
929,3
929,4
930,1
930,2
930,3
930,4
930,5
931,2
931,3
931,4
932,4
932,5
933,5
934,4
934,5
935,2
935,3
935,4
936,1
936,2
937,2
938,5
939,2
939,3
939,4
940,1
940,2
940,3
940,4
940,5
941,1
942,1
942,2
942,3
942,4
942,5
943,2
943,3
943,4
943,5
944,5
945,1
945,2
946,2
947,2
947,3
947,4
948,2
948,3
948,4
948,5
949,2
949,3
949,4
950,1
951,5
952,1
952,2
953,2
953,3
953,4
954,1
954,2
954,3
954,4
954,5
955,2
955,3
955,4
956,5
957,1
957,2
957,3
957,4
957,5
958,5
959,2
959,3
959,4
959,5
960,1
960,2
960,3
960,4
960,5
961,2
961,3
961,4
962,2
962,3
962,4
963,5
964,5
965,5
966,5
967,2
967,3
967,4
968,2
968,3
968,4
969,2
969,3
969,4
969,5
970,2
970,3
970,4
971,2
971,3
971,4
971,5
972,5
973,1
973,2
973,3
973,4
973,5
974,2
974,3
974,4
974,5
975,1
975,2
975,3
975,4
975,5
976,1
976,2
976,3
976,4
976,5
977,2
977,3
977,4
978,1
979,5
980,1
980,2
980,3
980,4
980,5
981,1
981,2
981,3
981,4
981,5
982,5
983,1
983,2
983,3
983,4
983,5
984,2
984,3
984,4
984,5
985,2
985,3
985,4
986,5
987,1
987,2
987,3
987,4
987,5
988,1
988,2
988,3
988,4
988,5
989,1
989,2
989,3
989,4
989,5
990,1
990,2
990,3
990,4
990,5
991,2
991,3
991,4
992,1
992,2
993,1
993,2
993,3
993,4
993,5
994,5
995,2
995,3
995,4
996,2
996,3
996,4
996,5
997,2
997,3
997,4
998,5
999,2
999,3
999,4
1000,1
1000,2
1000,3
1000,4
1000,5
1001,1
1001,2
1001,3
1001,4
1001,5
1002,5
1003,1
1003,2
1004,2
1004,3
1004,4
1005,1
1005,2
1005,3
1005,4
1005,5
1006,1
1006,2
1006,3
1006,4
1006,5
1007,2
1007,3
1007,4
1007,5
1008,1
1008,2
1008,3
1008,4
1008,5
1009,1
1009,2
1009,3
1009,4
1009,5
1010,2
1010,3
1010,4
1010,5
1011,2
1011,3
1011,4
1012,1
1012,2
1012,3
1012,4
1012,5
1013,1
1013,2
1013,3
1013,4
1013,5
1014,5
1015,1
1015,2
1015,3
1015,4
1015,5
1016,2
1016,3
1016,4
1017,2
1017,3
1017,4
1017,5
1018,1
1018,2
1018,3
1018,4
1018,5
1019,1
1019,2
1020,2
1020,3
1020,4
1021,1
1021,2
1021,3
1021,4
1021,5
1022,1
1022,2
1022,3
1022,4
1022,5
1023,1
1023,2
1023,3
1024,2
1024,3
1024,4
1024,5
1025,2
1025,3
1025,4
1025,5
1026,5
1027,2
1027,3
1027,4
1027,5
1028,2
1028,3
1028,4
1029,2
1029,3
1029,4
1030,2
1031,1
1031,2
1031,3
1031,4
1031,5
1032,2
1032,3
1032,4
1032,5
1033,2
1033,3
1033,4
1034,2
1034,3
1034,4
1035,1
1035,2
1036,1
1036,2
1037,2
1037,3
1037,4
1037,5
1038,2
1038,3
1038,4
1038,5
1039,2
1039,3
1039,4
1039,5
1040,2
1040,3
1040,4
1040,5
1041,2
1041,3
1041,4
1041,5
1042,2
1042,3
1042,4
1042,5
1043,1
1043,2
1043,3
1043,4
1043,5
1044,2
1044,3
1044,4
1044,5
1045,2
1045,3
1045,4
1045,5
1046,1
1046,2
1046,3
1046,4
1046,5
1047,2
1047,3
1047,4
1047,5
1048,1
1048,2
1048,3
1048,4
1048,5
1049,2
1049,3
1049,4
1049,5
1050,5
1051,2
1051,3
1051,4
1051,5
1052,5
1053,1
1053,2
1053,3
1053,4
1053,5
1054,1
1054,2
1054,3
1054,4
1054,5
1055,1
1055,2
1056,5
1057,5
1058,2
1058,3
1058,4
1058,5
1059,1
1059,2
1059,3
1059,4
1059,5
1060,2
1060,3
1060,4
1061,2
1061,3
1061,4
1061,5
1062,2
1062,3
1062,4
1063,1
1063,2
1063,3
1063,4
1063,5
1064,2
1064,3
1064,4
1064,5
1065,2
1065,3
1065,4
1065,5
1066,1
1066,2
1066,3
1066,4
1066,5
1067,5
1068,2
1068,3
1068,4
1068,5
1069,1
1069,2
1069,3
1069,4
1069,5
1070,2
1070,3
1070,4
1070,5
1071,1
1071,2
1072,2
1072,3
1072,4
1072,5
1073,2
1073,3
1073,4
1073,5
1074,1
1074,2
1074,3
1074,4
1074,5
1075,2
1075,3
1075,4
1075,5
1076,2
1076,3
1076,4
1077,1
1077,2
1078,2
1078,3
1078,4
1079,1
1080,2
1080,3
1080,4
1080,5
1081,1
1081,2
1081,3
1081,4
1081,5
1082,1
1083,2
1083,3
1083,4
1084,2
1084,3
1084,4
1085,2
1085,3
1085,4
1085,5
1086,2
1086,3
1086,4
1086,5
1087,2
1087,3
1087,4
1087,5
1088,2
1088,3
1088,4
1088,5
1089,2
1089,3
1089,4
1089,5
1090,5
1091,5
1092,2
1092,3
1092,4
1092,5
1093,1
1093,2
1094,1
1094,2
1095,2
1095,3
1095,4
1095,5
1096,2
1096,3
1096,4
1096,5
1097,2
1097,3
1097,4
1097,5
1098,2
1098,3
1098,4
1098,5
1099,2
1099,3
1099,4
1099,5
1100,1
1100,2
1101,2
1101,3
1101,4
1101,5
1102,2
1102,3
1102,4
1102,5
1103,2
1103,3
1103,4
1103,5
1104,2
1104,3
1104,4
1105,2
1105,3
1106,2
1106,3
1106,4
1106,5
1107,2
1107,3
1107,4
1108,1
1108,2
1108,3
1108,4
1108,5
1109,2
1109,3
1109,4
1109,5
1110,2
1110,3
1110,4
1111,2
1111,3
1111,4
1111,5
1112,3
1112,4
1113,2
1113,3
1113,4
1114,2
1114,3
1114,4
1115,2
1115,3
1115,4
1116,2
1116,3
1116,4
1116,5
1117,1
1117,2
1118,2
1118,3
1118,4
1118,5
1119,2
1119,3
1119,4
1120,5
1121,2
1121,3
1121,4
1121,5
1122,1
1122,2
1122,3
1122,4
1122,5
1123,5
1124,2
1124,3
1124,4
1124,5
1125,1
1125,2
1125,3
1125,4
1125,5
1126,1
1126,2
1126,3
1126,4
1126,5
1127,2
1127,3
1127,4
1127,5
1128,1
1128,2
1128,3
1128,4
1128,5
1129,1
1129,2
1130,2
1130,3
1130,4
1130,5
1131,2
1131,3
1131,4
1131,5
1132,2
1132,3
1132,4
1132,5
1133,2
1133,3
1133,4
1133,5
1134,2
1134,3
1134,4
1134,5
1135,2
1135,3
1135,4
1135,5
1136,2
1136,3
1136,4
1137,2
1137,3
1137,4
1137,5
1138,2
1138,3
1138,4
1138,5
1139,2
1139,3
1139,4
1139,5
1140,2
1140,3
1140,4
1140,5
1141,2
1141,3
1141,4
1141,5
1142,2
1142,3
1142,4
1143,1
1143,2
1143,3
1143,4
1143,5
1144,1
1144,2
1145,2
1145,3
1145,4
1145,5
1146,1
1146,2
1147,2
1148,1
1148,2
1148,3
1148,4
1148,5
1149,2
1149,3
1149,4
1149,5
1150,2
1150,3
1150,4
1150,5
1151,1
1151,2
1151,3
1151,4
1151,5
1152,1
1152,2
1152,3
1152,4
1152,5
1153,2
1153,3
1153,4
1153,5
1154,5
1155,2
1155,3
1155,4
1156,5
1157,2
1157,3
1157,4
1157,5
1158,2
1158,3
1158,4
1158,5
1159,1
1159,2
1160,1
1161,5
1162,1
1162,2
1162,3
1162,4
1162,5
1163,1
1163,2
1163,3
1164,1
1164,2
1164,3
1164,4
1164,5
1165,2
1165,3
1165,4
1166,1
1166,2
1166,3
1166,4
1166,5
1167,2
1167,3
1167,4
1168,2
1168,3
1168,4
1169,2
1169,3
1169,4
1169,5
1170,1
1170,2
1171,5
1172,5
1173,1
1173,2
1173,3
1173,4
1173,5
1174,2
1174,3
1174,4
1174,5
1175,1
1175,2
1176,1
1176,2
1177,1
1177,2
1177,3
1177,4
1177,5
1178,1
1179,5
1180,1
1180,2
1180,3
1180,4
1180,5
1181,2
1181,3
1181,4
1182,2
1182,3
1182,4
1183,1
1183,2
1183,3
1183,4
1183,5
1184,1
1184,2
1184,3
1184,4
1184,5
1185,5
1186,1
1186,2
1186,3
1186,4
1186,5
1187,1
1187,2
1188,2
1188,3
1188,4
1188,5
1189,1
1189,2
1189,3
1189,4
1189,5
1190,1
1190,2
1190,3
1190,4
1190,5
1191,2
1192,2
1192,3
1192,4
1192,5
1193,1
1193,2
1193,3
1193,4
1193,5
1194,2
1194,3
1194,4
1194,5
1195,2
1195,3
1195,4
1195,5
1196,2
1196,3
1196,4
1197,2
1197,3
1197,4
1197,5
1198,2
1198,3
1198,4
1198,5
1199,1
1199,2
1200,2
1200,3
1200,4
1201,2
1201,3
1201,4
1201,5
1202,5
1203,1
1203,2
1204,5
1205,1
1205,2
1206,2
1206,3
1206,4
1207,1
1207,2
1207,3
1207,4
1207,5
1208,2
1208,3
1208,4
1209,1
1209,2
1210,2
1210,3
1210,4
1211,1
1211,2
1211,3
1211,4
1211,5
1212,5
1213,2
1213,3
1213,4
1213,5
1214,2
1214,3
1214,4
1214,5
1215,2
1215,3
1215,4
1215,5
1216,1
1216,2
1216,3
1216,4
1216,5
1217,2
1217,3
1217,4
1218,1
1218,2
1218,3
1218,4
1218,5
1219,1
1219,2
1219,3
1219,4
1219,5
1220,1
1220,2
1221,2
1221,3
1221,4
1221,5
1222,5
1223,2
1223,3
1223,4
1224,1
1224,2
1224,3
1224,4
1224,5
1225,1
1226,1
1226,2
1226,3
1226,4
1226,5
1227,2
1227,3
1227,4
1228,5
1229,2
1229,3
1229,4
1230,2
1230,3
1230,4
1230,5
1231,2
1231,3
1231,4
1231,5
1232,2
1232,3
1232,4
1233,1
1233,2
1234,1
1234,2
1234,3
1235,5
1236,5
1237,2
1237,3
1237,4
1238,2
1238,3
1238,4
1238,5
1239,1
1239,2
1239,3
1239,4
1239,5
1240,1
1240,2
1240,3
1240,4
1240,5
1241,2
1241,3
1241,4
1242,1
1242,2
1242,3
1242,4
1242,5
1243,1
1243,2
1243,3
1243,4
1243,5
1244,5
1245,2
1245,3
1245,4
1246,2
1246,3
1246,4
1247,5
1248,5
1249,2
1249,3
1249,4
1249,5
1250,2
1250,3
1250,4
1250,5
1251,2
1251,3
1251,4
1252,2
1252,3
1252,4
1252,5
1253,2
1253,3
1253,4
1253,5
1254,5
1255,2
1255,3
1255,4
1255,5
1256,5
1257,2
1257,3
1257,4
1257,5
1258,1
1258,2
1258,3
1258,4
1258,5
1259,5
1260,1
1260,2
1260,3
1260,4
1260,5
1261,2
1261,3
1261,4
1261,5
1262,5
1263,2
1264,2
1264,3
1264,4
1265,1
1265,2
1265,3
1265,4
1265,5
1266,2
1266,3
1266,4
1267,2
1267,3
1267,4
1268,2
1268,3
1268,4
1269,1
1269,2
1269,3
1269,4
1269,5
1270,1
1270,2
1270,3
1270,4
1270,5
1271,2
1271,3
1271,4
1272,2
1272,3
1272,4
1273,2
1273,3
1273,4
1273,5
1274,2
1274,3
1274,4
1275,2
1275,3
1275,4
1275,5
1276,2
1276,3
1276,4
1277,1
1277,2
1278,5
1279,5
1280,5
1281,2
1281,3
1281,4
1282,1
1282,2
1282,3
1282,4
1282,5
1283,5
1284,2
1284,3
1284,4
1284,5
1285,2
1286,1
1286,2
1287,2
1287,3
1287,4
1287,5
1288,2
1288,3
1288,4
1288,5
1289,2
1289,3
1289,4
1290,2
1290,3
1290,4
1290,5
1291,5
1292,1
1292,2
1292,3
1293,2
1293,3
1293,4
1293,5
1294,2
1294,3
1294,4
1294,5
1295,2
1295,3
1295,4
1295,5
1296,1
1296,2
1296,3
1296,4
1296,5
1297,5
1298,5
1299,1
1299,2
1300,2
1301,1
1301,2
1302,1
1302,2
1303,5
1304,1
1304,2
1304,3
1304,4
1304,5
1305,2
1305,3
1305,4
1306,5
1307,4
1307,5
1308,2
1308,3
1308,4
1308,5
1309,2
1309,3
1309,4
1309,5
1310,2
1310,3
1310,4
1310,5
1311,5
1312,2
1312,3
1312,4
1312,5
1313,1
1313,2
1313,3
1313,4
1313,5
1314,5
1315,2
1315,3
1315,4
1316,3
1316,4
1317,2
1317,3
1317,4
1318,2
1318,3
1318,4
1318,5
1319,5
1320,1
1320,2
1321,2
1321,3
1321,4
1321,5
1322,1
1322,2
1323,1
1324,5
1325,2
1325,3
1325,4
1325,5
1326,2
1326,3
1326,4
1327,2
1327,3
1327,4
1327,5
1328,2
1328,3
1328,4
1329,1
1329,2
1329,3
1329,4
1329,5
1330,2
1330,3
1330,4
1330,5
1331,1
1331,2
1331,3
1331,4
1331,5
1332,2
1332,3
1332,4
1333,2
1333,3
1333,4
1333,5
1334,1
1334,2
1335,2
1335,3
1335,4
1335,5
1336,2
1336,3
1336,4
1336,5
1337,2
1337,3
1337,4
1337,5
1338,2
1338,3
1338,4
1338,5
1339,2
1339,3
1339,4
1339,5
1340,2
1340,3
1340,4
1340,5
1341,2
1341,3
1341,4
1341,5
1342,2
1342,3
1342,4
1342,5
1343,2
1343,3
1343,4
1343,5
1344,2
1344,3
1344,4
1344,5
1345,2
1345,3
1345,4
1345,5
1346,1
1346,2
1347,5
1348,2
1348,3
1348,4
1349,2
1349,3
1349,4
1350,2
1350,3
1350,4
1350,5
1351,2
1351,3
1351,4
1351,5
1352,2
1352,3
1352,4
1352,5
1353,2
1353,3
1354,2
1354,3
1354,4
1355,2
1355,3
1355,4
1355,5
1356,5
1357,2
1357,3
1357,4
1357,5
1358,2
1358,3
1358,4
1358,5
1359,2
1359,3
1359,4
1359,5
1360,2
1360,3
1360,4
1360,5
1361,5
1362,2
1362,3
1362,4
1363,2
1363,3
1363,4
1364,2
1364,3
1364,4
1364,5
1365,1
1365,2
1365,3
1365,4
1365,5
1366,1
1366,2
1367,2
1367,3
1367,4
1368,2
1368,3
1368,4
1368,5
1369,2
1369,3
1369,4
1370,2
1370,3
1370,4
1370,5
1371,2
1371,3
1371,4
1371,5
1372,2
1372,3
1372,4
1372,5
1373,2
1373,3
1373,4
1373,5
1374,2
1374,3
1374,4
1374,5
1375,5
1376,2
1376,3
1376,4
1376,5
1377,2
1377,3
1377,4
1378,2
1378,3
1378,4
1379,2
1379,3
1379,4
1380,2
1380,3
1380,4
1381,2
1381,3
1381,4
1382,1
1382,2
1382,3
1382,4
1382,5
1383,5
1384,5
1385,2
1385,3
1385,4
1385,5
1386,2
1386,3
1386,4
1386,5
1387,2
1387,3
1387,4
1388,2
1388,3
1388,4
1388,5
1389,2
1389,3
1389,4
1390,2
1390,3
1390,4
1390,5
1391,1
1391,2
1391,3
1391,4
1391,5
1392,1
1392,2
1392,3
1392,4
1392,5
1393,2
1393,3
1393,4
1394,2
1394,3
1394,4
1394,5
1395,2
1395,3
1395,4
1395,5
1396,2
1396,3
1396,4
1397,2
1397,3
1397,4
1398,1
1399,2
1399,3
1399,4
1400,2
1400,3
1400,4
1400,5
1401,2
1401,3
1401,4
1402,1
1402,2
1402,3
1402,4
1402,5
1403,1
1404,2
1404,3
1404,4
1404,5
1405,1
1405,2
1405,3
1405,4
1405,5
1406,2
1406,3
1406,4
1406,5
1407,2
1407,3
1407,4
1408,5
1409,5
1410,2
1410,3
1410,4
1411,2
1411,3
1411,4
1411,5
1412,2
1412,3
1412,4
1412,5
1413,2
1413,3
1413,4
1413,5
1414,2
1414,3
1414,4
1414,5
1415,2
1415,3
1415,4
1415,5
1416,2
1416,3
1416,4
1416,5
1417,2
1417,3
1417,4
1417,5
1418,2
1418,3
1418,4
1418,5
1419,2
1419,3
1419,4
1419,5
1420,2
1420,3
1420,4
1420,5
1421,2
1421,3
1421,4
1421,5
1422,1
1422,2
1422,3
1422,4
1422,5
1423,2
1423,3
1423,4
1423,5
1424,1
1424,2
1424,3
1424,4
1424,5
1425,1
1425,2
1425,3
1425,4
1425,5
1426,5
1427,2
1428,2
1428,3
1428,4
1428,5
1429,2
1429,3
1429,4
1429,5
1430,2
1430,3
1430,4
1430,5
1431,2
1431,3
1431,4
1432,1
1432,2
1432,3
1432,4
1432,5
1433,5
1434,5
1435,2
1435,3
1435,4
1436,2
1436,3
1436,4
1437,2
1437,3
1437,4
1438,2
1438,3
1438,4
1438,5
1439,1
1439,2
1440,2
1440,3
1440,4
1440,5
1441,1
1441,2
1442,2
1442,3
1442,4
1442,5
1443,5
1444,1
1444,2
1445,2
1445,3
1445,4
1445,5
1446,5
1447,2
1447,3
1447,4
1447,5
1448,2
1448,3
1448,4
1448,5
1449,2
1449,3
1449,4
1449,5
1450,1
1450,2
1450,3
1450,4
1450,5
1451,5
1452,2
1452,3
1452,4
1453,2
1453,3
1453,4
1453,5
1454,2
1454,3
1454,4
1455,1
1455,2
1455,3
1455,4
1455,5
1456,1
1456,2
1456,3
1456,4
1456,5
1457,2
1457,3
1457,4
1458,2
1458,3
1458,4
1459,2
1459,3
1459,4
1460,2
1460,3
1460,4
1460,5
1461,2
1461,3
1461,4
1461,5
1462,2
1462,3
1462,4
1462,5
1463,2
1463,3
1463,4
1463,5
1464,2
1464,3
1464,4
1464,5
1465,2
1465,3
1465,4
1465,5
1466,2
1466,3
1466,4
1466,5
1467,2
1467,3
1467,4
1467,5
1468,2
1468,3
1468,4
1469,2
1469,3
1469,4
1469,5
1470,2
1470,3
1470,4
1470,5
1471,2
1471,3
1471,4
1471,5
1472,2
1472,3
1472,4
1472,5
1473,2
1473,3
1473,4
1473,5
1474,1
1474,2
1474,3
1474,4
1474,5
1475,1
1475,2
1475,3
1475,4
1475,5
1476,2
1476,3
1476,4
1476,5
1477,2
1477,3
1477,4
1477,5
1478,2
1478,3
1478,4
1478,5
1479,2
1479,3
1479,4
1479,5
1480,2
1480,3
1480,4
1480,5
1481,2
1481,3
1481,4
1481,5
1482,2
1482,3
1482,4
1482,5
1483,2
1483,3
1483,4
1483,5
1484,2
1484,3
1484,4
1484,5
1485,5
1486,2
1486,3
1486,4
1486,5
1487,5
1488,2
1488,3
1488,4
1488,5
1489,2
1489,3
1489,4
1489,5
1490,2
1490,3
1490,4
1490,5
1491,2
1491,3
1491,4
1492,2
1492,3
1492,4
1493,1
1493,2
1493,3
1493,4
1493,5
1494,2
1494,3
1494,4
1494,5
1495,2
1495,3
1495,4
1495,5
1496,2
1496,3
1496,4
1496,5
1497,2
1497,3
1497,4
1497,5
1498,2
1498,3
1498,4
1499,2
1499,3
1499,4
1500,2
1500,3
1500,4
1500,5
1501,2
1501,3
1501,4
1501,5
1502,2
1502,3
1502,4
1502,5
1503,1
1503,2
1504,2
1504,3
1504,4
1504,5
1505,2
1505,3
1505,4
1505,5
1506,2
1506,3
1506,4
1506,5
1507,2
1507,3
1507,4
1507,5
1508,2
1508,3
1508,4
1508,5
1509,2
1509,3
1509,4
1510,2
1510,3
1510,4
1511,2
1511,3
1511,4
1511,5
1512,1
1512,2
1512,3
1512,4
1512,5
1513,2
1513,3
1513,4
1513,5
1514,1
1514,2
1514,3
1514,4
1514,5
1515,2
1515,3
1515,4
1515,5
1516,1
1516,2
1516,3
1516,4
1516,5
1517,2
1517,3
1517,4
1518,2
1518,3
1518,4
1519,2
1519,3
1519,4
1519,5
1520,1
1520,2
1521,2
1522,2
1522,3
1522,4
1523,2
1523,3
1523,4
1524,2
1524,3
1524,4
1524,5
1525,1
1525,2
1525,3
1525,4
1525,5
1526,1
1526,2
1526,3
1526,4
1526,5
1527,1
1527,2
1527,3
1527,4
1527,5
1528,2
1528,3
1528,4
1528,5
1529,2
1529,3
1529,4
1529,5
1530,2
1530,3
1530,4
1530,5
1531,2
1531,3
1531,4
1531,5
1532,2
1532,3
1532,4
1532,5
1533,5
1534,1
1534,2
1534,3
1534,4
1534,5
1535,2
1535,3
1535,4
1535,5
1536,2
1536,3
1536,4
1536,5
1537,2
1537,3
1537,4
1537,5
1538,2
1538,3
1538,4
1538,5
1539,2
1539,3
1539,4
1539,5
1540,2
1540,3
1540,4
1541,1
1541,2
1542,1
1542,2
1543,2
1543,3
1543,4
1543,5
1544,2
1544,3
1544,4
1544,5
1545,2
1545,3
1545,4
1546,2
1546,3
1546,4
1546,5
1547,1
1547,2
1548,2
1548,3
1548,4
1548,5
1549,2
1549,3
1549,4
1550,1
1550,2
1550,3
1550,4
1550,5
1551,1
1551,2
1552,1
1553,2
1553,3
1553,4
1553,5
1554,2
1554,3
1554,4
1554,5
1555,1
1555,2
1555,3
1555,4
1555,5
1556,2
1556,3
1556,4
1556,5
1557,1
1558,2
1558,3
1558,4
1558,5
1559,1
1559,2
1559,3
1559,4
1559,5
1560,2
1560,3
1560,4
1560,5
1561,5
1562,1
1562,2
1562,3
1562,4
1562,5
1563,2
1563,3
1563,4
1563,5
1564,2
1564,3
1564,4
1564,5
1565,1
1565,2
1565,3
1565,4
1565,5
1566,2
1566,3
1566,4
1566,5
1567,2
1567,3
1567,4
1567,5
1568,2
1568,3
1568,4
1568,5
1569,1
1569,2
1570,2
1570,3
1570,4
1570,5
1571,1
1572,2
1572,3
1572,4
1572,5
1573,2
1573,3
1573,4
1573,5
1574,2
1574,3
1574,4
1574,5
1575,2
1575,3
1575,4
1575,5
1576,2
1576,3
1576,4
1576,5
1577,5
1578,2
1578,3
1578,4
1579,2
1579,3
1579,4
1580,1
1580,2
1581,2
1581,3
1581,4
1582,1
1582,2
1582,3
1582,4
1582,5
1583,1
1583,2
1584,1
1584,2
1584,3
1584,4
1584,5
1585,1
1586,2
1586,3
1586,4
1587,1
1587,2
1587,3
1587,4
1587,5
1588,2
1588,3
1588,4
1588,5
1589,2
1589,3
1589,4
1589,5
1590,2
1591,1
1591,2
1591,3
1591,4
1591,5
1592,2
1592,3
1592,4
1593,2
1593,3
1593,4
1594,2
1594,3
1594,4
1594,5
1595,2
1596,2
1596,3
1596,4
1597,1
1597,2
1597,3
1597,4
1597,5
1598,1
1598,2
1598,3
1599,2
1599,3
1599,4
1600,1
1600,2
1600,3
1600,4
1600,5
1601,2
1601,3
1601,4
1601,5
1602,1
1602,2
1602,3
1602,4
1602,5
1603,1
1603,2
1603,3
1603,4
1603,5
1604,1
1604,2
1604,3
1604,4
1604,5
1605,2
1605,3
1605,4
1605,5
1606,2
1606,3
1606,4
1607,2
1607,3
1607,4
1607,5
1608,1
1608,2
1608,3
1608,4
1608,5
1609,2
1609,3
1609,4
1609,5
1610,5
1611,1
1611,2
1611,3
1611,4
1611,5
1612,2
1613,2
1613,3
1613,4
1614,2
1614,3
1614,4
1614,5
1615,5
1616,1
1617,1
1617,2
1617,3
1617,4
1617,5
1618,2
1618,3
1618,4
1618,5
1619,2
1619,3
1619,4
1619,5
1620,2
1620,3
1620,4
1621,2
1621,3
1621,4
1621,5
1622,2
1622,3
1622,4
1622,5
1623,1
1623,2
1624,2
1624,3
1624,4
1625,5
1626,1
1626,2
1626,3
1626,4
1626,5
1627,2
1627,3
1627,4
1628,2
1628,3
1628,4
1628,5
1629,3
1629,4
1629,5
1630,1
1630,2
1630,3
1630,4
1630,5
1631,2
1631,3
1631,4
1632,1
1632,2
1632,3
1632,4
1632,5
1633,1
1633,2
1633,3
1633,4
1633,5
1634,1
1634,2
1634,3
1634,4
1634,5
1635,2
1635,3
1635,4
1635,5
1636,2
1636,3
1636,4
1636,5
1637,2
1637,3
1637,4
1638,1
1638,2
1639,2
1639,3
1639,4
1639,5
1640,2
1640,3
1640,4
1640,5
1641,1
1641,2
1641,3
1641,4
1641,5
1642,2
1642,3
1642,4
1642,5
1643,1
1643,2
1643,3
1643,4
1643,5
1644,2
1644,3
1644,4
1644,5
1645,2
1645,3
1645,4
1645,5
1646,2
1646,3
1646,4
1646,5
1647,5
1648,2
1648,3
1648,4
1648,5
1649,1
1649,2
1649,3
1649,4
1649,5
1650,2
1651,2
1651,3
1651,4
1651,5
1652,2
1652,3
1652,4
1652,5
1653,1
1653,2
1654,1
1655,2
1656,2
1656,3
1656,4
1657,1
1657,2
1657,3
1657,4
1657,5
1658,5
1659,2
1659,3
1659,4
1660,1
1660,2
1660,3
1660,4
1660,5
1661,1
1661,2
1661,3
1661,4
1661,5
1662,2
1662,3
1662,4
1663,2
1663,3
1663,4
1664,2
1664,3
1664,4
1665,2
1665,3
1665,4
1665,5
1666,5
1667,2
1667,3
1667,4
1667,5
1668,2
1668,3
1668,4
1669,2
1669,3
1669,4
1669,5
1670,2
1670,3
1670,4
1671,2
1671,3
1671,4
1671,5
1672,2
1672,3
1672,4
1673,2
1673,3
1673,4
1674,1
1674,2
1674,3
1674,4
1674,5
1675,2
1675,3
1675,4
1676,2
1676,3
1676,4
1676,5
1677,1
1677,2
1677,3
1677,4
1677,5
1678,2
1678,3
1678,4
1679,2
1679,3
1679,4
1679,5
1680,2
1680,3
1680,4
1680,5
1681,2
1681,3
1681,4
1681,5
1682,2
1682,3
1682,4
1683,1
1684,2
1684,3
1684,4
1684,5
1685,2
1685,3
1685,4
1686,2
1686,3
1686,4
1687,2
1687,3
1687,4
1687,5
1688,2
1688,3
1688,4
1689,1
1689,2
1690,1
1690,2
1690,3
1690,4
1690,5
1691,1
1691,2
1691,3
1691,4
1691,5
1692,2
1692,3
1692,4
1693,1
1693,2
1693,3
1693,4
1693,5
1694,2
1694,3
1694,4
1695,2
1695,3
1695,4
1696,2
1697,1
1697,2
1697,3
1697,4
1697,5
1698,2
1698,3
1698,4
1699,2
1699,3
1699,4
1699,5
1700,2
1700,3
1700,4
1701,2
1701,3
1701,4
1702,2
1702,3
1702,4
1702,5
1703,2
1703,3
1703,4
1704,5
1705,2
1705,3
1705,4
1706,1
1706,2
1706,3
1706,4
1706,5
1707,1
1707,2
1707,3
1707,4
1707,5
1708,2
1708,3
1708,4
1709,2
1709,3
1709,4
1710,1
1710,2
1711,2
1711,3
1711,4
1712,2
1712,3
1712,4
1713,2
1713,3
1713,4
1714,1
1714,2
1714,3
1714,4
1714,5
1715,1
1715,2
1715,3
1715,4
1715,5
1716,1
1716,2
1716,3
1716,4
1716,5
1717,2
1717,3
1717,4
1718,2
1718,3
1718,4
1718,5
1719,2
1719,3
1719,4
1720,2
1720,3
1720,4
1721,2
1721,3
1721,4
1722,1
1722,2
1722,3
1722,4
1722,5
1723,1
1723,2
1723,3
1723,4
1723,5
1724,2
1724,3
1724,4
1725,2
1725,3
1725,4
1726,2
1727,2
1727,3
1727,4
1727,5
1728,2
1728,3
1728,4
1728,5
1729,2
1729,3
1729,4
1729,5
1730,1
1730,2
1730,3
1730,4
1730,5
1731,2
1731,3
1731,4
1732,2
1732,3
1732,4
1732,5
1733,5
1734,2
1734,3
1734,4
1734,5
1735,2
1735,3
1735,4
1736,2
1736,3
1736,4
1737,5
1738,2
1738,3
1738,4
1738,5
1739,5
1740,1
1740,2
1741,1
1742,1
1742,2
1742,3
1742,4
1742,5
1743,2
1743,3
1743,4
1744,5
1745,1
1745,2
1745,3
1745,4
1745,5
1746,5
1747,2
1747,3
1747,4
1748,2
1748,3
1748,4
1749,2
1749,3
1749,4
1749,5
1750,2
1750,3
1750,4
1751,2
1751,3
1751,4
1751,5
1752,5
1753,5
1754,2
1754,3
1754,4
1755,2
1755,3
1755,4
1755,5
1756,2
1756,3
1756,4
1757,2
1757,3
1757,4
1757,5
1758,1
1758,2
1758,3
1758,4
1758,5
1759,2
1759,3
1759,4
1759,5
1760,2
1760,3
1760,4
1760,5
1761,2
1761,3
1761,4
1761,5
1762,2
1762,3
1762,4
1762,5
1763,2
1763,3
1763,4
1763,5
1764,2
1764,3
1764,4
1764,5
1765,2
1765,3
1765,4
1766,2
1766,3
1766,4
1766,5
1767,2
1767,3
1767,4
1767,5
1768,2
1768,3
1768,4
1768,5
1769,2
1769,3
1769,4
1769,5
1770,2
1770,3
1770,4
1770,5
1771,2
1771,3
1771,4
1771,5
1772,2
1772,3
1772,4
1772,5
1773,2
1773,3
1773,4
1773,5
1774,2
1774,3
1774,4
1774,5
1775,2
1775,3
1775,4
1775,5
1776,2
1776,3
1776,4
1777,1
1777,2
1777,3
1777,4
1777,5
1778,2
1778,3
1778,4
1778,5
1779,2
1779,3
1779,4
1779,5
1780,2
1780,3
1780,4
1780,5
1781,2
1781,3
1781,4
1781,5
1782,2
1782,3
1782,4
1782,5
1783,2
1783,3
1783,4
1783,5
1784,2
1784,3
1784,4
1784,5
1785,2
1785,3
1785,4
1785,5
1786,2
1786,3
1786,4
1786,5
1787,2
1787,3
1787,4
1787,5
1788,2
1788,3
1788,4
1788,5
1789,2
1789,3
1789,4
1789,5
1790,2
1790,3
1790,4
1790,5
1791,1
1791,2
1792,2
1792,3
1792,4
1792,5
1793,2
1793,3
1793,4
1793,5
1794,2
1794,3
1794,4
1794,5
1795,2
1795,3
1795,4
1795,5
1796,2
1796,3
1796,4
1796,5
1797,4
1798,2
1798,3
1798,4
1798,5
1799,2
1799,3
1799,4
1799,5
1800,2
1800,3
1800,4
1800,5
1801,2
1801,3
1801,4
1801,5
1802,2
1802,3
1802,4
1802,5
1803,5
1804,2
1804,3
1804,4
1804,5
1805,2
1805,3
1805,4
1805,5
1806,2
1806,3
1806,4
1806,5
1807,2
1808,2
1808,3
1808,4
1808,5
1809,2
1809,3
1809,4
1810,2
1810,3
1810,4
1810,5
1811,2
1811,3
1811,4
1811,5
1812,2
1812,3
1812,4
1812,5
1813,2
1813,3
1813,4
1813,5
1814,5
1815,2
1815,3
1815,4
1815,5
1816,2
1816,3
1816,4
1816,5
1817,2
1817,3
1817,4
1817,5
1818,2
1818,3
1818,4
1818,5
1819,2
1819,3
1819,4
1819,5
1820,2
1820,3
1820,4
1821,2
1821,3
1821,4
1821,5
1822,2
1822,3
1822,4
1822,5
1823,2
1823,3
1823,4
1823,5
1824,2
1824,3
1824,4
1824,5
1825,2
1825,3
1825,4
1825,5
1826,2
1826,3
1826,4
1826,5
1827,2
1827,3
1827,4
1828,2
1828,3
1828,4
1829,1
1829,2
1829,3
1829,4
1829,5
1830,5
1831,2
1831,3
1831,4
1831,5
1832,2
1832,3
1832,4
1833,5
1834,2
1834,3
1834,4
1834,5
1835,2
1835,3
1835,4
1835,5
1836,2
1836,3
1836,4
1836,5
1837,2
1837,3
1837,4
1837,5
1838,2
1838,3
1838,4
1838,5
1839,2
1839,3
1839,4
1839,5
1840,2
1840,3
1840,4
1840,5
1841,2
1841,3
1841,4
1841,5
1842,2
1842,3
1842,4
1842,5
1843,1
1843,2
1843,3
1843,4
1843,5
1844,2
1844,3
1844,4
1845,2
1845,3
1845,4
1846,2
1846,3
1846,4
1846,5
1847,2
1847,3
1847,4
1847,5
1848,2
1848,3
1848,4
1848,5
1849,2
1849,3
1849,4
1849,5
1850,2
1850,3
1850,4
1850,5
1851,2
1851,3
1851,4
1851,5
1852,2
1852,3
1852,4
1852,5
1853,2
1853,3
1853,4
1853,5
1854,2
1854,3
1854,4
1855,2
1855,3
1855,4
1856,2
1856,3
1856,4
1856,5
1857,2
1857,3
1857,4
1857,5
1858,1
1858,2
1858,3
1858,4
1858,5
1859,2
1859,3
1859,4
1860,1
1860,2
1860,3
1860,4
1860,5
1861,1
1861,2
1862,2
1862,3
1862,4
1863,2
1863,3
1863,4
1863,5
1864,2
1864,3
1864,4
1864,5
1865,2
1865,3
1865,4
1865,5
1866,2
1866,3
1866,4
1866,5
1867,2
1867,3
1867,4
1868,5
1869,2
1869,3
1869,4
1869,5
1870,2
1870,3
1870,4
1870,5
1871,2
1871,3
1871,4
1872,2
1872,3
1872,4
1873,5
1874,2
1874,3
1874,4
1874,5
1875,2
1875,3
1875,4
1875,5
1876,2
1876,3
1876,4
1876,5
1877,2
1877,3
1877,4
1877,5
1878,2
1878,3
1878,4
1879,1
1879,2
1879,3
1879,4
1879,5
1880,5
1881,2
1881,3
1881,4
1881,5
1882,2
1882,3
1882,4
1882,5
1883,2
1883,3
1883,4
1883,5
1884,2
1884,3
1884,4
1884,5
1885,2
1885,3
1885,4
1885,5
1886,2
1886,3
1886,4
1886,5
1887,1
1887,2
1887,3
1887,4
1887,5
1888,3
1888,4
1888,5
1889,2
1889,3
1889,4
1890,2
1890,3
1890,4
1890,5
1891,2
1891,3
1891,4
1892,2
1892,3
1892,4
1893,2
1893,3
1893,4
1894,2
1894,3
1894,4
1895,1
1895,2
1895,3
1895,4
1895,5
1896,2
1896,3
1896,4
1897,5
1898,2
1898,3
1898,4
1899,1
1899,2
1899,3
1899,4
1899,5
1900,3
1900,4
1900,5
1901,2
1901,3
1901,4
1902,1
1902,2
1902,3
1902,4
1902,5
1903,1
1903,2
1903,3
1903,4
1903,5
1904,2
1904,3
1904,4
1905,2
1905,3
1905,4
1905,5
1906,1
1906,2
1906,3
1906,4
1906,5
1907,2
1907,3
1907,4
1907,5
1908,2
1908,3
1908,4
1909,2
1909,3
1909,4
1909,5
1910,2
1910,3
1910,4
1911,2
1911,3
1911,4
1912,1
1912,2
1912,3
1912,4
1912,5
1913,1
1913,2
1913,3
1913,4
1913,5
1914,2
1914,3
1914,4
1914,5
1915,2
1915,3
1915,4
1915,5
1916,2
1916,3
1916,4
1917,1
1917,2
1917,3
1917,4
1917,5
1918,5
1919,5
1920,5
1921,2
1921,3
1921,4
1921,5
1922,5
1923,1
1923,2
1923,3
1923,4
1923,5
1924,2
1924,3
1924,4
1925,2
1925,3
1925,4
1925,5
1926,2
1926,3
1926,4
1926,5
1927,2
1928,5
1929,2
1929,3
1929,4
1929,5
1930,1
1930,2
1930,3
1930,4
1930,5
1931,1
1931,2
1931,3
1931,4
1931,5
1932,2
1932,3
1932,4
1933,2
1933,3
1933,4
1934,2
1934,3
1934,4
1935,1
1935,2
1935,3
1935,4
1935,5
1936,2
1936,3
1936,4
1937,1
1937,2
1937,3
1937,4
1937,5
1938,2
1938,3
1938,4
1938,5
1939,2
1939,3
1939,4
1940,1
1940,2
1940,3
1940,4
1940,5
1941,1
1941,2
1941,3
1941,4
1941,5
1942,2
1942,3
1942,4
1943,1
1943,2
1943,3
1943,4
1943,5
1944,5
1945,1
1945,2
1945,3
1945,4
1945,5
1946,5
1947,5
1948,2
1948,3
1948,4
1948,5
1949,5
1950,2
1950,3
1950,4
1950,5
1951,2
1951,3
1951,4
1951,5
1952,2
1952,3
1952,4
1952,5
1953,2
1953,3
1953,4
1954,2
1954,3
1954,4
1954,5
1955,1
1955,2
1955,3
1955,4
1955,5
1956,2
1956,3
1956,4
1956,5
1957,1
1957,2
1958,5
1959,2
1959,3
1959,4
1959,5
1960,1
1960,2
1960,3
1960,4
1960,5
1961,2
1961,3
1961,4
1961,5
1962,2
1962,3
1962,4
1963,2
1963,3
1963,4
1963,5
1964,1
1964,2
1964,3
1964,4
1964,5
1965,5
1966,1
1966,2
1966,3
1966,4
1966,5
1967,1
1967,2
1967,3
1967,4
1967,5
1968,2
1968,3
1968,4
1968,5
1969,2
1969,3
1969,4
1970,2
1970,3
1970,4
1971,5
1972,2
1972,3
1972,4
1972,5
1973,2
1973,3
1973,4
1973,5
1974,2
1974,3
1974,4
1975,2
1975,3
1975,4
1976,2
1976,3
1976,4
1976,5
1977,2
1977,3
1977,4
1978,2
1978,3
1978,4
1979,1
1979,2
1979,3
1979,4
1979,5
1980,2
1980,3
1980,4
1980,5
1981,2
1981,3
1981,4
1981,5
1982,2
1982,3
1982,4
1983,4
1983,5
1984,2
1984,3
1984,4
1984,5
1985,2
1985,3
1985,4
1985,5
1986,2
1986,3
1986,4
1986,5
1987,2
1987,3
1987,4
1988,5
1989,1
1989,2
1989,3
1989,4
1989,5
1990,1
1990,2
1990,3
1990,4
1990,5
1991,1
1991,2
1991,3
1991,4
1991,5
1992,2
1992,3
1992,4
1992,5
1993,2
1993,3
1993,4
1993,5
1994,2
1994,3
1994,4
1994,5
1995,1
1995,2
1995,3
1995,4
1995,5
1996,2
1996,3
1996,4
1996,5
1997,2
1997,3
1997,4
1997,5
1998,1
1998,2
1998,3
1998,4
1998,5
1999,1
1999,2
1999,3
1999,4
1999,5
2000,2
2000,3
2000,4
2000,5
2001,2
2002,5
2003,2
2003,3
2003,4
2003,5
2004,2
2004,3
2004,4
2004,5
2005,1
2005,2
2005,3
2005,4
2005,5
2006,1
2006,2
2006,3
2006,4
2006,5
2007,2
2007,3
2007,4
2007,5
2008,2
2008,3
2008,4
2009,2
2009,3
2009,4
2010,2
2010,3
2010,4
2011,1
2011,2
2011,3
2011,4
2011,5
2012,2
2012,3
2012,4
2013,2
2013,3
2013,4
2014,1
2014,2
2014,3
2015,1
2015,2
2015,3
2015,4
2015,5
2016,2
2016,3
2016,4
2017,5
2018,2
2018,3
2018,4
2019,1
2019,2
2020,2
2020,3
2020,4
2020,5
2021,2
2021,3
2021,4
2022,1
2022,2
2022,3
2023,1
2023,2
2023,3
2023,4
2023,5
2024,2
2024,3
2024,4
2025,5
2026,1
2026,2
2026,3
2026,4
2026,5
2027,2
2027,3
2027,4
2028,4
2028,5
2029,1
2029,2
2029,3
2029,4
2029,5
2030,4
2030,5
2031,5
2032,2
2033,2
2033,3
2033,4
2034,2
2034,3
2034,4
2034,5
2035,2
2035,3
2035,4
2036,2
2036,3
2036,4
2037,2
2037,3
2037,4
2037,5
2038,1
2038,2
2038,3
2038,4
2038,5
2039,2
2039,3
2039,4
2039,5
2040,2
2040,3
2040,4
2041,2
2041,3
2041,4
2042,5
2043,1
2043,2
2043,3
2043,4
2044,2
2044,3
2044,4
2045,2
2045,3
2045,4
2045,5
2046,2
2046,3
2046,4
2046,5
2047,2
2047,3
2047,4
2047,5
2048,1
2048,2
2048,3
2048,4
2048,5
2049,2
2049,3
2049,4
2050,2
2050,3
2050,4
2050,5
2051,5
2052,2
2052,3
2052,4
2052,5
2053,5
2054,5
2055,2
2055,3
2055,4
2056,2
2056,3
2056,4
2057,2
2057,3
2057,4
2057,5
2058,2
2058,3
2058,4
2059,2
2059,3
2059,4
2060,2
2060,3
2060,4
2060,5
2061,5
2062,2
2062,3
2062,4
2062,5
2063,5
2064,2
2064,3
2064,4
2064,5
2065,2
2065,3
2065,4
2065,5
2066,2
2066,3
2066,4
2066,5
2067,1
2067,2
2067,3
2067,4
2067,5
2068,5
2069,2
2069,3
2069,4
2069,5
2070,2
2070,3
2070,4
2070,5
2071,4
2071,5
2072,2
2072,3
2072,4
2072,5
2073,2
2073,3
2073,4
2073,5
2074,2
2074,3
2074,4
2074,5
2075,1
2076,2
2076,3
2076,4
2077,1
2077,2
2077,3
2077,4
2077,5
2078,2
2078,3
2078,4
2078,5
2079,1
2079,2
2079,3
2079,4
2079,5
2080,2
2080,3
2080,4
2080,5
2081,2
2081,3
2081,4
2081,5
2082,2
2082,3
2082,4
2082,5
2083,2
2083,3
2083,4
2083,5
2084,2
2084,3
2084,4
2085,2
2085,3
2085,4
2085,5
2086,2
2086,3
2086,4
2086,5
2087,1
2087,2
2087,3
2087,4
2087,5
2088,5
2089,2
2089,3
2089,4
2089,5
2090,1
2090,2
2091,2
2091,3
2091,4
2091,5
2092,2
2092,3
2092,4
2093,2
2093,3
2093,4
2093,5
2094,2
2094,3
2094,4
2095,2
2095,3
2095,4
2095,5
2096,2
2096,3
2096,4
2096,5
2097,2
2097,3
2097,4
2097,5
2098,2
2098,3
2098,4
2098,5
2099,2
2099,3
2099,4
2099,5
2100,2
2100,3
2100,4
2100,5
2101,2
2101,3
2101,4
2102,2
2102,3
2102,4
2102,5
2103,2
2103,3
2103,4
2103,5
2104,2
2104,3
2104,4
2104,5
2105,2
2105,3
2105,4
2105,5
2106,2
2106,3
2106,4
2106,5
2107,2
2107,3
2107,4
2107,5
2108,2
2108,3
2108,4
2109,2
2109,3
2109,4
2109,5
2110,2
2110,3
2110,4
2110,5
2111,2
2111,3
2111,4
2111,5
2112,2
2112,3
2112,4
2112,5
2113,1
2113,2
2114,1
2114,2
2114,3
2114,4
2114,5
2115,2
2115,3
2115,4
2116,2
2116,3
2116,4
2116,5
2117,2
2117,3
2117,4
2117,5
2118,2
2118,3
2118,4
2118,5
2119,2
2119,3
2119,4
2120,5
2121,2
2121,3
2121,4
2121,5
2122,2
2122,3
2122,4
2122,5
2123,1
2123,2
2124,2
2124,3
2124,4
2124,5
2125,5
2126,2
2126,3
2126,4
2126,5
2127,2
2127,3
2127,4
2127,5
2128,2
2128,3
2128,4
2128,5
2129,1
2129,2
2130,2
2130,3
2130,4
2130,5
2131,1
2131,2
2131,3
2131,4
2131,5
2132,1
2132,2
2132,3
2132,4
2132,5
2133,2
2133,3
2133,4
2134,2
2135,2
2135,3
2135,4
2135,5
2136,1
2136,2
2136,3
2136,4
2136,5
2137,2
2137,3
2137,4
2137,5
2138,1
2138,2
2139,1
2139,2
2140,2
2140,3
2140,4
2141,2
2141,3
2141,4
2142,2
2142,3
2142,4
2143,2
2143,3
2143,4
2144,2
2144,3
2144,4
2145,1
2145,2
2145,3
2145,4
2146,2
2146,3
2146,4
2147,2
2147,3
2147,4
2148,2
2148,3
2148,4
2148,5
2149,1
2149,2
2149,3
2149,4
2149,5
2150,5
2151,1
2151,2
2151,3
2151,4
2152,2
2152,3
2152,4
2153,2
2153,3
2153,4
2153,5
2154,2
2154,3
2154,4
2155,2
2156,2
2156,3
2156,4
2156,5
2157,2
2157,3
2157,4
2157,5
2158,2
2158,3
2158,4
2158,5
2159,1
2159,2
2159,3
2159,4
2159,5
2160,1
2160,2
2161,5
2162,1
2162,2
2162,3
2162,4
2162,5
2163,2
2163,3
2163,4
2164,2
2164,3
2164,4
2164,5
2165,2
2165,3
2165,4
2165,5
2166,2
2166,3
2166,4
2166,5
2167,2
2167,3
2167,4
2167,5
2168,1
2168,2
2169,2
2169,3
2169,4
2169,5
2170,2
2170,3
2170,4
2171,2
2171,3
2171,4
2172,5
2173,1
2173,2
2173,3
2173,4
2173,5
2174,2
2174,3
2174,4
2175,5
2176,5
2177,1
2177,2
2177,3
2177,4
2177,5
2178,2
2178,3
2178,4
2178,5
2179,2
2179,3
2179,4
2179,5
2180,2
2180,3
2180,4
2180,5
2181,2
2181,3
2181,4
2181,5
2182,1
2182,2
2182,3
2182,4
2183,2
2183,3
2183,4
2184,1
2184,2
2184,3
2184,4
2184,5
2185,5
2186,2
2187,5
2188,5
2189,2
2189,3
2189,4
2190,1
2190,2
2190,3
2190,4
2190,5
2191,2
2191,3
2191,4
2192,2
2192,3
2192,4
2192,5
2193,1
2193,2
2193,3
2193,4
2194,2
2194,3
2194,4
2194,5
2195,2
2195,3
2195,4
2196,5
2197,2
2197,3
2197,4
2197,5
2198,2
2198,3
2198,4
2199,1
2199,2
2199,3
2199,4
2199,5
2200,2
2200,3
2200,4
2200,5
2201,5
2202,1
2202,2
2202,3
2202,4
2202,5
2203,2
2203,3
2203,4
2203,5
2204,2
2204,3
2204,4
2204,5
2205,2
2205,3
2205,4
2206,2
2206,3
2206,4
2207,2
2207,3
2207,4
2207,5
2208,5
2209,2
2209,3
2209,4
2209,5
2210,1
2210,2
2210,3
2210,4
2210,5
2211,2
2211,3
2211,4
2211,5
2212,5
2213,2
2213,3
2213,4
2214,1
2214,2
2214,3
2214,4
2214,5
2215,2
2215,3
2215,4
2215,5
2216,2
2216,3
2216,4
2217,2
2217,3
2217,4
2217,5
2218,2
2218,3
2218,4
2219,2
2219,3
2219,4
2220,2
2220,3
2220,4
2220,5
2221,5
2222,2
2222,3
2222,4
2222,5
2223,2
2224,2
2224,3
2224,4
2225,2
2225,3
2225,4
2225,5
2226,2
2226,3
2226,4
2226,5
2227,2
2227,3
2227,4
2228,5
2229,2
2229,3
2229,4
2229,5
2230,2
2230,3
2230,4
2230,5
2231,2
2231,3
2231,4
2232,2
2232,3
2232,4
2233,1
2233,2
2233,3
2233,4
2233,5
2234,2
2234,3
2234,4
2234,5
2235,2
2235,3
2235,4
2236,2
2236,3
2236,4
2237,1
2237,2
2237,3
2237,4
2237,5
2238,5
2239,2
2239,3
2239,4
2239,5
2240,2
2240,3
2240,4
2240,5
2241,2
2241,3
2241,4
2241,5
2242,2
2242,3
2242,4
2242,5
2243,1
2243,2
2243,3
2243,4
2243,5
2244,2
2244,3
2244,4
2245,2
2245,3
2245,4
2246,2
2246,3
2246,4
2247,2
2247,3
2247,4
2247,5
2248,2
2248,3
2248,4
2248,5
2249,2
2249,3
2249,4
2250,5
2251,1
2251,2
2252,5
2253,2
2253,3
2253,4
2254,2
2254,3
2254,4
2254,5
2255,2
2255,3
2255,4
2255,5
2256,2
2256,3
2256,4
2256,5
2257,2
2257,3
2257,4
2258,2
2259,2
2259,3
2259,4
2259,5
2260,2
2260,3
2260,4
2260,5
2261,2
2261,3
2261,4
2261,5
2262,2
2262,3
2262,4
2262,5
2263,1
2263,2
2264,2
2264,3
2264,4
2264,5
2265,1
2265,2
2265,3
2265,4
2265,5
2266,1
2266,2
2267,2
2267,3
2267,4
2268,2
2268,3
2268,4
2269,2
2269,3
2269,4
2270,2
2270,3
2270,4
2271,5
2272,2
2272,3
2272,4
2272,5
2273,2
2274,2
2274,3
2274,4
2275,2
2275,3
2275,4
2276,1
2276,2
2276,3
2276,4
2276,5
2277,2
2277,3
2277,4
2277,5
2278,2
2278,3
2278,4
2278,5
2279,2
2279,3
2279,4
2280,2
2280,3
2280,4
2281,1
2281,2
2281,3
2281,4
2281,5
2282,1
2282,2
2282,3
2282,4
2282,5
2283,5
2284,2
2284,3
2284,4
2284,5
2285,1
2285,2
2285,3
2285,4
2285,5
2286,2
2286,3
2286,4
2287,2
2287,3
2287,4
2288,2
2288,3
2288,4
2289,2
2289,3
2289,4
2289,5
2290,1
2290,2
2291,1
2291,2
2292,2
2292,3
2292,4
2292,5
2293,1
2293,2
2293,3
2293,4
2293,5
2294,2
2294,3
2294,4
2294,5
2295,2
2295,3
2295,4
2295,5
2296,1
2296,2
2297,2
2297,3
2297,4
2297,5
2298,2
2298,3
2298,4
2298,5
2299,2
2299,3
2299,4
2299,5
2300,2
2300,3
2300,4
2301,2
2302,2
2302,3
2302,4
2303,2
2303,3
2303,4
2304,2
2304,3
2304,4
2305,2
2305,3
2305,4
2306,2
2306,3
2306,4
2307,2
2307,3
2307,4
2307,5
2308,2
2308,3
2308,4
2308,5
2309,1
2309,2
2309,3
2309,4
2309,5
2310,2
2310,3
2310,4
2310,5
2311,2
2311,3
2311,4
2311,5
2312,2
2312,3
2312,4
2312,5
2313,5
2314,1
2314,2
2314,3
2314,4
2314,5
2315,2
2315,3
2315,4
2316,2
2316,3
2316,4
2316,5
2317,2
2317,3
2317,4
2317,5
2318,2
2318,3
2318,4
2318,5
2319,3
2319,4
2319,5
2320,1
2320,2
2320,3
2320,4
2320,5
2321,5
2322,1
2322,2
2322,3
2322,4
2322,5
2323,2
2323,3
2323,4
2324,5
2325,2
2325,3
2325,4
2326,1
2326,2
2327,1
2327,2
2327,3
2327,4
2327,5
2328,2
2328,3
2328,4
2328,5
2329,1
2329,2
2329,3
2329,4
2329,5
2330,2
2330,3
2330,4
2331,2
2331,3
2331,4
2332,2
2332,3
2332,4
2332,5
2333,1
2333,2
2334,2
2334,3
2334,4
2335,2
2335,3
2335,4
2336,2
2336,3
2336,4
2337,2
2337,3
2337,4
2338,1
2339,1
2340,2
2340,3
2340,4
2341,2
2341,3
2341,4
2341,5
2342,2
2342,3
2342,4
2343,2
2343,3
2343,4
2343,5
2344,1
2345,1
2345,2
2345,3
2345,4
2345,5
2346,2
2346,3
2346,4
2346,5
2347,2
2347,3
2347,4
2347,5
2348,2
2348,3
2348,4
2348,5
2349,2
2349,3
2349,4
2349,5
2350,2
2350,3
2350,4
2350,5
2351,2
2351,3
2351,4
2351,5
2352,2
2352,3
2352,4
2352,5
2353,2
2353,3
2353,4
2353,5
2354,2
2354,3
2354,4
2354,5
2355,2
2355,3
2355,4
2355,5
2356,2
2356,3
2356,4
2357,2
2357,3
2357,4
2357,5
2358,2
2358,3
2358,4
2358,5
2359,2
2359,3
2359,4
2360,3
2360,4
2360,5
2361,2
2361,3
2361,4
2361,5
2362,2
2362,3
2362,4
2362,5
2363,2
2363,3
2363,4
2363,5
2364,2
2364,3
2364,4
2364,5
2365,2
2365,3
2365,4
2365,5
2366,2
2366,3
2366,4
2366,5
2367,2
2367,3
2367,4
2367,5
2368,2
2368,3
2368,4
2368,5
2369,2
2369,3
2369,4
2369,5
2370,2
2370,3
2370,4
2370,5
2371,2
2371,3
2371,4
2371,5
2372,2
2372,3
2372,4
2372,5
2373,2
2373,3
2373,4
2373,5
2374,2
2374,3
2374,4
2374,5
2375,2
2375,3
2375,4
2375,5
2376,2
2376,3
2376,4
2376,5
2377,2
2377,3
2377,4
2377,5
2378,2
2378,3
2378,4
2378,5
2379,2
2379,3
2379,4
2379,5
2380,2
2380,3
2380,4
2380,5
2381,2
2381,3
2381,4
2381,5
2382,2
2382,3
2382,4
2382,5
2383,2
2383,3
2383,4
2383,5
2384,2
2384,3
2384,4
2384,5
2385,2
2385,3
2385,4
2385,5
2386,5
2387,2
2387,3
2387,4
2387,5
2388,2
2388,3
2388,4
2388,5
2389,2
2389,3
2389,4
2389,5
2390,2
2390,3
2390,4
2390,5
2391,2
2391,3
2391,4
2391,5
2392,2
2392,3
2392,4
2393,2
2393,3
2393,4
2393,5
2394,2
2394,3
2394,4
2395,1
2395,2
2395,3
2395,4
2395,5
2396,2
2396,3
2396,4
2396,5
2397,1
2397,2
2397,3
2397,4
2397,5
2398,2
2398,3
2398,4
2399,2
2399,3
2399,4
2400,2
2400,3
2400,4
2400,5
2401,2
2401,3
2401,4
2401,5
2402,2
2402,3
2402,4
2403,2
2403,3
2403,4
2403,5
2404,2
2404,3
2404,4
2404,5
2405,2
2405,3
2405,4
2405,5
2406,2
2406,3
2406,4
2406,5
2407,2
2407,3
2407,4
2407,5
2408,2
2408,3
2408,4
2408,5
2409,2
2409,3
2409,4
2409,5
2410,2
2410,3
2410,4
2410,5
2411,2
2411,3
2411,4
2411,5
2412,2
2412,3
2412,4
2413,2
2413,3
2413,4
2413,5
2414,2
2414,3
2414,4
2414,5
2415,1
2415,2
2415,3
2415,4
2415,5
2416,2
2417,1
2418,3
2418,4
2418,5
2419,2
2419,3
2419,4
2419,5
2420,1
2420,2
2420,3
2420,4
2420,5
2421,2
2421,3
2421,4
2421,5
2422,2
2422,3
2422,4
2423,2
2423,3
2423,4
2423,5
2424,1
2424,2
2424,3
2424,4
2424,5
2425,2
2425,3
2425,4
2426,5
2427,2
2427,3
2427,4
2427,5
2428,2
2428,3
2428,4
2429,2
2429,3
2429,4
2429,5
2430,2
2430,3
2430,4
2431,2
2431,3
2431,4
2431,5
2432,1
2432,2
2432,3
2432,4
2432,5
2433,2
2433,3
2433,4
2433,5
2434,2
2434,3
2434,4
2434,5
2435,1
2435,2
2435,3
2435,4
2435,5
2436,1
2436,2
2436,3
2436,4
2436,5
2437,2
2437,3
2437,4
2437,5
2438,2
2438,3
2438,4
2438,5
2439,2
2439,3
2439,4
2439,5
2440,2
2440,3
2440,4
2440,5
2441,2
2441,3
2441,4
2441,5
2442,2
2442,3
2442,4
2442,5
2443,2
2443,3
2443,4
2444,5
2445,2
2445,3
2445,4
2445,5
2446,5
2447,5
2448,2
2448,3
2448,4
2449,2
2449,3
2449,4
2450,2
2450,3
2450,4
2450,5
2451,2
2451,3
2451,4
2452,1
2452,2
2452,3
2452,4
2452,5
2453,2
2453,3
2453,4
2454,2
2454,3
2454,4
2455,2
2455,3
2455,4
2456,2
2456,3
2456,4
2457,2
2457,3
2457,4
2457,5
2458,2
2458,3
2458,4
2458,5
2459,1
2459,2
2459,3
2459,4
2459,5
2460,2
2460,3
2460,4
2461,2
2461,3
2461,4
2462,2
2462,3
2462,4
2463,2
2463,3
2463,4
2463,5
2464,2
2464,3
2464,4
2464,5
2465,2
2465,3
2465,4
2465,5
2466,2
2466,3
2466,4
2466,5
2467,2
2467,3
2467,4
2467,5
2468,2
2468,3
2468,4
2469,1
2469,2
2469,3
2469,4
2469,5
2470,1
2470,2
2470,3
2470,4
2470,5
2471,2
2471,3
2471,4
2471,5
2472,2
2472,3
2472,4
2472,5
2473,2
2473,3
2473,4
2473,5
2474,2
2474,3
2474,4
2474,5
2475,2
2475,3
2475,4
2475,5
2476,2
2476,3
2476,4
2476,5
2477,2
2477,3
2477,4
2477,5
2478,2
2478,3
2478,4
2478,5
2479,2
2479,3
2479,4
2479,5
2480,1
2480,2
2480,3
2480,4
2480,5
2481,2
2481,3
2481,4
2482,2
2482,3
2482,4
2482,5
2483,2
2483,3
2483,4
2483,5
2484,2
2484,3
2484,4
2484,5
2485,2
2485,3
2485,4
2485,5
2486,2
2486,3
2486,4
2486,5
2487,2
2487,3
2487,4
2487,5
2488,2
2488,3
2488,4
2488,5
2489,2
2489,3
2489,4
2490,2
2490,3
2490,4
2490,5
2491,2
2491,3
2491,4
2491,5
2492,5
2493,1
2494,2
2494,3
2494,4
2494,5
2495,2
2495,3
2495,4
2495,5
2496,2
2496,3
2496,4
2496,5
2497,2
2497,3
2497,4
2497,5
2498,2
2498,3
2498,4
2498,5
2499,2
2499,3
2499,4
2500,2
2500,3
2500,4
2500,5
2501,2
2501,3
2501,4
2501,5
2502,2
2502,3
2502,4
2502,5
2503,2
2503,3
2503,4
2503,5
2504,2
2504,3
2504,4
2504,5
2505,2
2505,3
2505,4
2505,5
2506,2
2506,3
2506,4
2506,5
2507,2
2507,3
2507,4
2507,5
2508,2
2508,3
2508,4
2509,5
2510,2
2510,3
2510,4
2510,5
2511,2
2511,3
2511,4
2511,5
2512,2
2512,3
2512,4
2512,5
2513,2
2513,3
2513,4
2513,5
2514,2
2514,3
2514,4
2515,2
2515,3
2515,4
2515,5
2516,2
2516,3
2516,4
2516,5
2517,2
2517,3
2517,4
2517,5
2518,2
2518,3
2518,4
2518,5
2519,2
2519,3
2519,4
2519,5
2520,2
2520,3
2520,4
2521,2
2521,3
2521,4
2521,5
2522,2
2522,3
2522,4
2522,5
2523,2
2523,3
2523,4
2523,5
2524,2
2524,3
2524,4
2524,5
2525,2
2525,3
2525,4
2525,5
2526,2
2526,3
2526,4
2527,2
2527,3
2527,4
2527,5
2528,2
2528,3
2528,4
2528,5
2529,2
2529,3
2529,4
2529,5
2530,2
2530,3
2530,4
2530,5
2531,1
2531,2
2531,3
2531,4
2531,5
2532,2
2532,3
2532,4
2532,5
2533,2
2533,3
2533,4
2533,5
2534,2
2534,3
2534,4
2534,5
2535,2
2535,3
2535,4
2536,2
2536,3
2536,4
2536,5
2537,1
2537,2
2537,3
2537,4
2537,5
2538,1
2538,2
2538,3
2538,4
2538,5
2539,1
2539,2
2539,3
2539,4
2539,5
2540,2
2540,3
2540,4
2540,5
2541,2
2541,3
2541,4
2542,2
2542,3
2542,4
2542,5
2543,2
2543,3
2543,4
2543,5
2544,2
2544,3
2544,4
2544,5
2545,2
2545,3
2545,4
2545,5
2546,2
2546,3
2546,4
2546,5
2547,2
2547,3
2547,4
2547,5
2548,3
2548,4
2548,5
2549,2
2549,3
2549,4
2549,5
2550,1
2550,2
2550,3
2550,4
2550,5
2551,2
2551,3
2551,4
2551,5
2552,2
2552,3
2552,4
2552,5
2553,2
2553,3
2553,4
2553,5
2554,2
2554,3
2554,4
2554,5
2555,5
2556,2
2557,1
2557,2
2557,3
2557,4
2557,5
2558,2
2558,3
2558,4
2558,5
2559,2
2559,3
2559,4
2559,5
2560,2
2560,3
2560,4
2560,5
2561,2
2561,3
2561,4
2561,5
2562,2
2562,3
2562,4
2562,5
2563,2
2563,3
2563,4
2563,5
2564,2
2564,3
2564,4
2564,5
2565,2
2565,3
2565,4
2566,1
2566,2
2566,3
2566,4
2566,5
2567,2
2567,3
2567,4
2568,2
2568,3
2568,4
2568,5
2569,2
2569,3
2569,4
2569,5
2570,2
2570,3
2570,4
2570,5
2571,5
2572,2
2572,3
2572,4
2572,5
2573,1
2574,2
2574,3
2574,4
2575,2
2575,3
2575,4
2576,5
2577,2
2577,3
2577,4
2577,5
2578,1
2578,2
2578,3
2578,4
2578,5
2579,2
2579,3
2579,4
2580,2
2580,3
2580,4
2581,1
2581,2
2581,3
2581,4
2581,5
2582,1
2582,2
2582,3
2582,4
2582,5
2583,2
2584,1
2584,2
2584,3
2584,4
2584,5
2585,2
2585,3
2585,4
2586,2
2586,3
2586,4
2586,5
2587,2
2587,3
2587,4
2588,2
2589,1
2589,2
2589,3
2589,4
2589,5
2590,1
2590,2
2590,3
2590,4
2590,5
2591,2
2591,3
2591,4
2592,1
2592,2
2592,3
2592,4
2592,5
2593,1
2593,2
2593,3
2593,4
2593,5
2594,2
2594,3
2594,4
2595,5
2596,2
2596,3
2596,4
2596,5
2597,1
2597,2
2597,3
2597,4
2597,5
2598,2
2598,3
2598,4
2599,5
2600,1
2600,2
2600,3
2600,4
2600,5
2601,5
2602,1
2602,2
2602,3
2602,4
2602,5
2603,1
2603,2
2603,3
2603,4
2603,5
2604,2
2604,3
2604,4
2605,2
2605,3
2605,4
2606,5
2607,1
2608,5
2609,2
2609,3
2609,4
2610,2
2610,3
2610,4
2611,5
2612,1
2612,2
2613,1
2613,2
2613,3
2613,4
2613,5
2614,2
2614,3
2614,4
2615,5
2616,1
2617,2
2617,3
2617,4
2618,5
2619,2
2619,3
2619,4
2619,5
2620,2
2620,3
2620,4
2620,5
2621,2
2621,3
2621,4
2622,1
2622,2
2622,3
2622,4
2622,5
2623,1
2623,2
2624,5
2625,1
2625,2
2625,3
2625,4
2625,5
2626,1
2626,2
2626,3
2626,4
2626,5
2627,1
2627,2
2627,3
2627,4
2627,5
2628,2
2628,3
2628,4
2628,5
2629,5
2630,1
2630,2
2630,3
2630,4
2630,5
2631,2
2631,3
2631,4
2632,2
2632,3
2632,4
2633,1
2633,2
2634,2
2634,3
2634,4
2635,2
2635,3
2635,4
2635,5
2636,1
2637,2
2637,3
2637,4
2637,5
2638,2
2638,3
2638,4
2638,5
2639,2
2639,3
2639,4
2640,2
2640,3
2640,4
2640,5
2641,1
2641,2
2641,3
2641,4
2641,5
2642,2
2642,3
2642,4
2643,2
2643,3
2643,4
2643,5
2644,2
2644,3
2644,4
2645,1
2645,2
2645,3
2645,4
2645,5
2646,1
2646,2
2646,3
2646,4
2646,5
2647,1
2647,2
2647,3
2647,4
2647,5
2648,5
2649,2
2649,3
2649,4
2650,1
2651,1
2651,2
2651,3
2651,4
2651,5
2652,2
2652,3
2652,4
2653,2
2653,3
2653,4
2653,5
2654,1
2654,2
2654,3
2654,4
2654,5
2655,1
2655,2
2656,2
2656,3
2656,4
2656,5
2657,2
2657,3
2657,4
2658,2
2658,3
2658,4
2659,2
2659,3
2659,4
2660,1
2660,2
2660,3
2660,4
2660,5
2661,1
2661,2
2661,3
2661,4
2661,5
2662,2
2662,3
2662,4
2663,1
2663,2
2663,3
2663,4
2663,5
2664,2
2664,3
2664,4
2665,1
2665,2
2665,3
2665,4
2665,5
2666,1
2666,2
2666,3
2666,4
2666,5
2667,1
2667,2
2667,3
2667,4
2667,5
2668,1
2668,2
2668,3
2668,4
2668,5
2669,5
2670,1
2670,2
2670,3
2670,4
2670,5
2671,2
2671,3
2671,4
2672,2
2672,3
2672,4
2673,2
2673,3
2673,4
2674,1
2674,2
2674,3
2674,4
2674,5
2675,2
2675,3
2676,1
2676,2
2676,3
2676,4
2676,5
2677,1
2677,2
2677,3
2677,4
2677,5
2678,2
2678,3
2678,4
2678,5
2679,1
2679,2
2679,3
2679,4
2679,5
2680,5
2681,2
2681,3
2681,4
2682,2
2682,3
2682,4
2683,1
2683,2
2683,3
2683,4
2683,5
2684,1
2684,2
2685,1
2685,2
2685,3
2685,4
2685,5
2686,2
2686,3
2686,4
2687,1
2687,2
2687,3
2687,4
2687,5
2688,2
2688,3
2688,4
2689,1
2689,2
2689,3
2689,4
2689,5
2690,1
2690,2
2690,3
2690,4
2690,5
2691,2
2691,3
2691,4
2691,5
2692,5
2693,2
2693,3
2693,4
2693,5
2694,2
2694,3
2694,4
2695,2
2695,3
2695,4
2695,5
2696,1
2696,2
2696,3
2696,4
2696,5
2697,2
2697,3
2697,4
2698,5
2699,2
2699,3
2699,4
2700,2
2700,3
2700,4
2700,5
2701,2
2701,3
2701,4
2701,5
2702,2
2702,3
2702,4
2703,5
2704,2
2704,3
2704,4
2705,2
2705,3
2705,4
2705,5
2706,2
2706,3
2706,4
2707,5
2708,1
2708,2
2709,2
2710,2
2710,3
2710,4
2711,5
2712,2
2712,3
2712,4
2712,5
2713,2
2713,3
2713,4
2714,2
2714,3
2714,4
2714,5
2715,2
2715,3
2715,4
2715,5
2716,2
2717,1
2717,2
2717,3
2717,4
2717,5
2718,2
2718,3
2718,4
2719,5
2720,4
2720,5
2721,2
2721,3
2721,4
2721,5
2722,2
2722,3
2722,4
2722,5
2723,1
2723,2
2723,3
2723,4
2723,5
2724,2
2724,3
2724,4
2724,5
2725,2
2725,3
2725,4
2725,5
2726,1
2726,2
2726,3
2726,4
2726,5
2727,1
2728,1
2728,2
2728,3
2728,4
2729,1
2729,2
2729,3
2729,4
2729,5
2730,2
2730,3
2730,4
2731,2
2731,3
2731,4
2731,5
2732,2
2732,3
2732,4
2732,5
2733,5
2734,1
2734,2
2735,2
2735,3
2735,4
2736,2
2736,3
2736,4
2737,2
2737,3
2737,4
2737,5
2738,2
2738,3
2738,4
2738,5
2739,2
2739,3
2739,4
2739,5
2740,1
2740,2
2740,3
2740,4
2740,5
2741,2
2741,3
2741,4
2742,2
2742,3
2742,4
2743,2
2743,3
2743,4
2743,5
2744,1
2744,2
2745,2
2745,3
2745,4
2745,5
2746,1
2746,2
2746,3
2746,4
2746,5
2747,1
2747,2
2747,3
2747,4
2747,5
2748,2
2748,3
2748,4
2748,5
2749,1
2749,2
2750,2
2750,3
2750,4
2751,2
2751,3
2751,4
2752,2
2752,3
2752,4
2752,5
2753,1
2753,2
2754,2
2754,3
2754,4
2755,1
2755,2
2755,3
2755,4
2755,5
2756,2
2756,3
2756,4
2757,2
2757,3
2757,4
2758,2
2758,3
2758,4
2759,1
2759,2
2760,1
2760,2
2761,2
2761,3
2761,4
2761,5
2762,2
2762,3
2762,4
2763,2
2763,3
2763,4
2764,5
2765,1
2765,2
2765,3
2765,4
2765,5
2766,1
2766,2
2766,3
2766,4
2766,5
2767,2
2767,3
2767,4
2767,5
2768,2
2768,3
2768,4
2768,5
2769,1
2769,2
2769,3
2769,4
2769,5
2770,4
2770,5
2771,1
2772,2
2772,3
2772,4
2773,2
2773,3
2773,4
2773,5
2774,2
2774,3
2774,4
2774,5
2775,2
2775,3
2775,4
2775,5
2776,2
2776,3
2776,4
2776,5
2777,2
2777,3
2777,4
2777,5
2778,2
2778,3
2778,4
2778,5
2779,4
2779,5
2780,2
2780,3
2780,4
2781,2
2781,3
2781,4
2781,5
2782,2
2782,3
2782,4
2783,2
2783,3
2783,4
2783,5
2784,1
2784,2
2784,3
2784,4
2784,5
2785,2
2785,3
2785,4
2785,5
2786,2
2786,3
2786,4
2786,5
2787,2
2787,3
2787,4
2788,1
2789,1
2790,2
2790,3
2790,4
2790,5
2791,2
2791,3
2791,4
2791,5
2792,2
2792,3
2792,4
2792,5
2793,1
2793,2
2793,3
2793,4
2793,5
2794,2
2794,3
2794,4
2795,2
2795,3
2795,4
2795,5
2796,2
2796,3
2796,4
2796,5
2797,1
2797,2
2797,3
2797,4
2797,5
2798,4
2799,1
2799,2
2800,1
2800,2
2800,3
2800,4
2800,5
2801,2
2801,3
2801,4
2802,2
2802,3
2802,4
2802,5
2803,2
2803,3
2803,4
2804,2
2804,3
2804,4
2805,1
2805,2
2805,3
2805,4
2805,5
2806,1
2806,2
2806,3
2806,4
2806,5
2807,1
2807,2
2807,3
2807,4
2807,5
2808,2
2808,3
2808,4
2808,5
2809,5
2810,5
2811,2
2811,3
2811,4
2812,1
2813,1
2813,2
2813,3
2813,4
2813,5
2814,5
2815,1
2815,2
2815,3
2815,4
2815,5
2816,2
2816,3
2816,4
2817,2
2817,3
2817,4
2818,2
2818,3
2818,4
2819,2
2819,3
2819,4
2820,1
2820,2
2820,3
2820,4
2820,5
2821,2
2822,1
2822,2
2822,3
2822,4
2822,5
2823,1
2823,2
2823,3
2823,4
2823,5
2824,2
2824,3
2824,4
2825,2
2825,3
2825,4
2825,5
2826,2
2826,3
2826,4
2826,5
2827,1
2827,2
2828,5
2829,5
2830,2
2830,3
2830,4
2830,5
2831,1
2831,2
2831,3
2831,4
2831,5
2832,5
2833,1
2833,2
2833,3
2833,4
2833,5
2834,1
2834,2
2834,3
2834,4
2834,5
2835,2
2835,3
2835,4
2836,2
2836,3
2836,4
2836,5
2837,2
2837,3
2837,4
2837,5
2838,1
2838,2
2839,2
2839,3
2839,4
2839,5
2840,1
2840,2
2840,3
2840,4
2840,5
2841,2
2841,3
2841,4
2841,5
2842,2
2842,3
2842,4
2843,1
2843,2
2844,2
2844,3
2844,4
2844,5
2845,2
2845,3
2845,4
2845,5
2846,2
2846,3
2846,4
2846,5
2847,2
2847,3
2847,4
2847,5
2848,2
2848,3
2848,4
2848,5
2849,2
2849,3
2849,4
2849,5
2850,2
2850,3
2850,4
2850,5
2851,2
2851,3
2851,4
2851,5
2852,2
2852,3
2852,4
2852,5
2853,2
2853,3
2853,4
2854,2
2854,3
2854,4
2855,2
2855,3
2855,4
2855,5
2856,2
2856,3
2856,4
2856,5
2857,5
2858,2
2858,3
2858,4
2858,5
2859,2
2859,3
2859,4
2859,5
2860,1
2860,2
2860,3
2860,4
2860,5
2861,1
2861,2
2861,3
2861,4
2861,5
2862,5
2863,1
2863,2
2863,3
2863,4
2863,5
2864,2
2864,3
2864,4
2865,1
2865,2
2865,3
2865,4
2865,5
2866,2
2866,3
2866,4
2867,1
2867,2
2867,3
2867,4
2867,5
2868,2
2868,3
2868,4
2868,5
2869,2
2869,3
2869,4
2869,5
2870,2
2870,3
2870,4
2871,2
2871,3
2871,4
2872,2
2872,3
2872,4
2873,1
2873,2
2873,3
2873,4
2873,5
2874,1
2874,2
2874,3
2874,4
2874,5
2875,2
2875,3
2875,4
2875,5
2876,1
2876,2
2876,3
2876,4
2876,5
2877,2
2877,3
2877,4
2878,2
2878,3
2878,4
2879,2
2879,3
2879,4
2880,1
2880,2
2880,3
2880,4
2880,5
2881,2
2881,3
2881,4
2881,5
2882,2
2882,3
2882,4
2882,5
2883,2
2883,3
2883,4
2883,5
2884,2
2884,3
2884,4
2885,2
2885,3
2885,4
2886,2
2886,3
2886,4
2886,5
2887,2
2887,3
2887,4
2887,5
2888,5
2889,5
2890,1
2890,2
2890,3
2890,4
2890,5
2891,2
2891,3
2891,4
2891,5
2892,5
2893,2
2893,3
2893,4
2893,5
2894,1
2894,2
2894,3
2894,4
2894,5
2895,2
2895,3
2895,4
2896,2
2896,3
2896,4
2897,2
2897,3
2897,4
2897,5
2898,1
2898,2
2898,3
2898,4
2898,5
2899,2
2899,3
2899,4
2899,5
2900,2
2900,3
2900,4
2900,5
2901,2
2901,3
2901,4
2902,1
2902,2
2902,3
2902,4
2902,5
2903,2
2903,3
2903,4
2903,5
2904,2
2904,3
2904,4
2904,5
2905,2
2905,3
2905,4
2906,2
2906,3
2906,4
2907,1
2907,2
2908,5
2909,5
2910,2
2910,3
2910,4
2910,5
2911,2
2911,3
2911,4
2911,5
2912,2
2912,3
2912,4
2913,1
2913,2
2913,3
2913,4
2913,5
2914,5
2915,1
2915,2
2915,3
2915,4
2916,1
2916,2
2916,3
2916,4
2916,5
2917,2
2917,3
2917,4
2918,2
2918,3
2918,4
2918,5
2919,2
2919,3
2919,4
2920,2
2920,3
2920,4
2921,1
2922,2
2922,3
2922,4
2922,5
2923,2
2923,3
2923,4
2924,5
2925,5
2926,2
2926,3
2926,4
2926,5
2927,2
2927,3
2927,4
2927,5
2928,5
2929,2
2929,3
2929,4
2930,5
2931,5
2932,2
2932,3
2932,4
2933,2
2933,3
2933,4
2934,2
2934,3
2934,4
2934,5
2935,2
2935,3
2935,4
2935,5
2936,2
2936,3
2936,4
2936,5
2937,2
2937,3
2937,4
2937,5
2938,2
2938,3
2938,4
2938,5
2939,1
2940,2
2940,3
2940,4
2940,5
2941,2
2941,3
2941,4
2941,5
2942,2
2942,3
2942,4
2942,5
2943,2
2943,3
2943,4
2944,2
2944,3
2944,4
2944,5
2945,2
2945,3
2945,4
2946,1
2946,2
2946,3
2946,4
2946,5
2947,1
2947,2
2947,3
2947,4
2947,5
2948,2
2948,3
2948,4
2949,2
2949,3
2949,4
2950,2
2950,3
2950,4
2950,5
2951,2
2951,3
2951,4
2952,2
2952,3
2952,4
2953,1
2953,2
2953,3
2953,4
2953,5
2954,1
2954,2
2954,3
2954,4
2954,5
2955,1
2955,2
2955,3
2955,4
2955,5
2956,1
2956,2
2956,3
2956,4
2956,5
2957,2
2957,3
2957,4
2958,5
2959,1
2959,2
2959,3
2959,4
2959,5
2960,2
2960,3
2960,4
2961,2
2961,3
2961,4
2962,1
2962,2
2962,3
2962,4
2962,5
2963,2
2963,3
2963,4
2964,2
2964,3
2964,4
2964,5
2965,5
2966,1
2966,2
2966,3
2966,4
2966,5
2967,2
2967,3
2967,4
2967,5
2968,3
2968,4
2968,5
2969,1
2969,2
2969,3
2969,4
2969,5
2970,2
2970,3
2970,4
2971,2
2971,3
2971,4
2972,2
2972,3
2972,4
2973,5
2974,5
2975,2
2975,3
2975,4
2976,1
2976,2
2976,3
2976,4
2977,2
2977,3
2977,4
2977,5
2978,2
2978,3
2978,4
2978,5
2979,2
2979,3
2979,4
2980,2
2980,3
2980,4
2980,5
2981,2
2981,3
2981,4
2982,1
2982,2
2983,2
2984,2
2984,3
2984,4
2985,1
2985,2
2985,3
2985,4
2985,5
2986,1
2986,2
2986,3
2986,4
2986,5
2987,1
2987,2
2987,3
2987,4
2987,5
2988,2
2988,3
2988,4
2988,5
2989,1
2989,2
2989,3
2989,4
2989,5
2990,2
2990,3
2990,4
2991,5
2992,2
2992,3
2992,4
2993,2
2993,3
2993,4
2993,5
2994,2
2994,3
2994,4
2995,2
2995,3
2995,4
2996,2
2996,3
2996,4
2997,4
2997,5
2998,2
2999,2
2999,3
2999,4
3000,2
3000,3
3000,4
3001,2
3001,3
3001,4
3001,5
3002,2
3002,3
3002,4
3003,2
3003,3
3003,4
3003,5
3004,2
3004,3
3004,4
3005,2
3005,3
3005,4
3005,5
3006,2
3006,3
3006,4
3007,2
3007,3
3007,4
3007,5
3008,1
3008,2
3008,3
3008,4
3009,1
3009,2
3009,3
3009,4
3009,5
3010,2
3010,3
3010,4
3011,2
3011,3
3011,4
3012,2
3012,3
3012,4
3012,5
3013,2
3013,3
3013,4
3013,5
3014,2
3014,3
3014,4
3014,5
3015,5
3016,1
3016,2
3016,3
3016,4
3016,5
3017,2
3017,3
3017,4
3018,2
3018,3
3018,4
3019,1
3019,2
3019,3
3019,4
3019,5
3020,2
3020,3
3020,4
3020,5
3021,1
3021,2
3021,3
3021,4
3021,5
3022,5
3023,1
3023,2
3023,3
3023,4
3023,5
3024,1
3024,2
3024,3
3024,4
3024,5
3025,2
3025,3
3025,4
3026,5
3027,1
3027,2
3028,5
3029,2
3029,3
3029,4
3030,2
3030,3
3030,4
3030,5
3031,2
3031,3
3031,4
3032,2
3032,3
3032,4
3033,2
3033,3
3033,4
3034,2
3034,3
3034,4
3035,3
3035,4
3035,5
3036,5
3037,2
3037,3
3037,4
3037,5
3038,2
3038,3
3038,4
3038,5
3039,1
3039,2
3039,3
3039,4
3039,5
3040,2
3040,3
3040,4
3041,1
3041,2
3041,3
3041,4
3041,5
3042,2
3042,3
3042,4
3043,1
3043,2
3043,3
3043,4
3043,5
3044,1
3044,2
3044,3
3044,4
3044,5
3045,2
3045,3
3045,4
3045,5
3046,1
3046,2
3046,3
3046,4
3046,5
3047,1
3047,2
3048,1
3048,2
3048,3
3048,4
3048,5
3049,2
3049,3
3049,4
3050,2
3050,3
3050,4
3051,1
3051,2
3052,2
3053,1
3054,1
3054,2
3054,3
3054,4
3054,5
3055,2
3055,3
3055,4
3055,5
3056,2
3056,3
3056,4
3057,2
3057,3
3057,4
3057,5
3058,2
3058,3
3058,4
3059,1
3059,2
3059,3
3059,4
3059,5
3060,2
3060,3
3060,4
3061,1
3062,1
3062,2
3062,3
3062,4
3062,5
3063,2
3063,3
3063,4
3064,1
3064,2
3065,2
3065,3
3065,4
3065,5
3066,1
3066,2
3067,1
3067,2
3067,3
3067,4
3067,5
3068,2
3068,3
3068,4
3068,5
3069,1
3069,2
3070,1
3070,2
3070,3
3070,4
3070,5
3071,1
3071,2
3071,3
3071,4
3071,5
3072,1
3072,2
3072,3
3072,4
3072,5
3073,2
3073,3
3073,4
3073,5
3074,2
3074,3
3074,4
3075,2
3075,3
3075,4
3075,5
3076,5
3077,2
3077,3
3077,4
3077,5
3078,1
3078,2
3078,3
3078,4
3078,5
3079,1
3079,2
3080,1
3080,2
3081,2
3081,3
3081,4
3081,5
3082,1
3082,2
3082,3
3082,4
3082,5
3083,1
3083,2
3083,3
3083,4
3083,5
3084,1
3084,2
3084,3
3084,4
3084,5
3085,5
3086,1
3086,2
3086,3
3086,4
3086,5
3087,1
3087,2
3087,3
3087,4
3087,5
3088,1
3088,2
3088,3
3088,4
3089,2
3089,3
3089,4
3089,5
3090,2
3090,3
3090,4
3090,5
3091,2
3091,3
3091,4
3091,5
3092,2
3092,3
3092,4
3092,5
3093,2
3093,3
3093,4
3094,2
3094,3
3094,4
3094,5
3095,5
3096,5
3097,2
3097,3
3097,4
3098,2
3098,3
3098,4
3098,5
3099,1
3099,2
3099,3
3099,4
3099,5
3100,5
3101,1
3101,2
3101,3
3101,4
3102,1
3102,2
3102,3
3102,4
3102,5
3103,1
3103,2
3103,3
3103,4
3103,5
3104,1
3104,2
3104,3
3104,4
3104,5
3105,1
3105,2
3105,3
3105,4
3105,5
3106,5
3107,1
3107,2
3108,2
3109,2
3109,3
3109,4
3109,5
3110,2
3110,3
3110,4
3111,2
3111,3
3111,4
3112,1
3112,2
3112,3
3112,4
3112,5
3113,2
3113,3
3113,4
3114,2
3114,3
3114,4
3114,5
3115,1
3115,2
3115,3
3115,4
3115,5
3116,1
3117,2
3117,3
3117,4
3117,5
3118,2
3119,2
3120,2
3120,3
3120,4
3120,5
3121,2
3121,3
3121,4
3121,5
3122,1
3123,3
3124,2
3124,3
3125,4
3126,2
3126,3
3126,4
3126,5
3127,1
3127,2
3127,3
3127,4
3127,5
3128,1
3129,1
3129,2
3129,3
3129,4
3129,5
3130,1
3130,2
3130,3
3130,4
3130,5
3131,1
3131,2
3131,3
3132,1
3132,2
3133,2
3134,2
3134,3
3134,4
3134,5
3135,1
3135,2
3135,3
3135,4
3135,5
3136,1
3136,2
3136,3
3136,4
3136,5
3137,5
3138,2
3139,2
3139,3
3139,4
3139,5
3140,2
3140,3
3141,2
3141,3
3141,4
3141,5
3142,2
3142,3
3142,4
3142,5
3143,2
3143,3
3143,4
3143,5
3144,2
3144,3
3144,4
3144,5
3145,2
3145,3
3145,4
3145,5
3146,2
3146,3
3146,4
3146,5
3147,2
3147,3
3147,4
3147,5
3148,2
3148,3
3148,4
3148,5
3149,2
3150,2
3150,3
3150,4
3150,5
3151,2
3151,3
3151,4
3152,2
3152,3
3152,4
3153,1
3154,2
3154,3
3154,4
3154,5
3155,1
3155,2
3155,3
3155,4
3155,5
3156,1
3156,2
3156,3
3156,4
3156,5
3157,1
3157,2
3157,3
3157,4
3157,5
3158,2
3158,3
3158,4
3158,5
3159,2
3159,3
3159,4
3159,5
3160,1
3160,2
3160,3
3160,4
3161,2
3161,3
3161,4
3161,5
3162,2
3162,3
3162,4
3162,5
3163,5
3164,2
3164,3
3164,4
3165,2
3165,3
3165,4
3165,5
3166,2
3166,3
3166,4
3166,5
3167,2
3167,3
3167,4
3167,5
3168,2
3168,3
3169,1
3170,1
3170,2
3170,3
3170,4
3170,5
3171,2
3171,3
3171,4
3172,1
3172,2
3172,3
3172,4
3173,1
3174,1
3174,2
3174,3
3174,4
3174,5
3175,2
3175,3
3175,4
3175,5
3176,2
3176,3
3176,4
3177,2
3177,3
3177,4
3177,5
3178,2
3178,3
3178,4
3178,5
3179,2
3179,3
3179,4
3180,2
3180,3
3180,4
3180,5
3181,2
3181,3
3181,4
3181,5
3182,2
3182,3
3182,4
3182,5
3183,1
3183,2
3183,3
3183,4
3183,5
3184,4
3185,1
3185,2
3185,3
3185,4
3185,5
3186,1
3186,2
3187,1
3187,2
3187,3
3187,4
3187,5
3188,2
3188,3
3188,4
3189,2
3189,3
3189,4
3189,5
3190,1
3190,2
3190,3
3190,4
3190,5
3191,2
3191,3
3191,4
3192,3
3192,4
3192,5
3193,2
3193,3
3193,4
3193,5
3194,1
3194,2
3194,3
3194,4
3194,5
3195,3
3195,4
3196,3
3196,4
3196,5
3197,2
3197,3
3197,4
3198,1
3198,2
3198,3
3198,4
3198,5
3199,1
3199,2
3199,3
3199,4
3199,5
3200,1
3201,2
3201,3
3201,4
3202,4
3202,5
3203,2
3203,3
3203,4
3203,5
3204,2
3204,3
3204,4
3204,5
3205,2
3205,3
3205,4
3205,5
3206,5
3207,1
3207,2
3207,3
3207,4
3207,5
3208,2
3208,3
3208,4
3209,5
3210,1
3210,2
3210,3
3210,4
3210,5
3211,1
3212,5
3213,2
3213,3
3213,4
3214,2
3214,3
3214,4
3214,5
3215,2
3215,3
3215,4
3215,5
3216,2
3216,3
3216,4
3217,1
3217,2
3217,3
3217,4
3217,5
3218,1
3218,2
3218,3
3218,4
3218,5
3219,2
3219,3
3219,4
3219,5
3220,2
3220,3
3220,4
3220,5
3221,1
3221,2
3221,3
3221,4
3221,5
3222,2
3222,3
3222,4
3222,5
3223,2
3223,3
3223,4
3223,5
3224,2
3224,3
3224,4
3225,2
3225,3
3225,4
3225,5
3226,2
3226,3
3226,4
3226,5
3227,5
3228,2
3228,3
3228,4
3228,5
3229,2
3229,3
3229,4
3229,5
3230,5
3231,2
3231,3
3231,4
3231,5
3232,1
3232,2
3232,3
3232,4
3232,5
3233,5
3234,2
3234,3
3234,4
3234,5
3235,2
3235,3
3235,4
3235,5
3236,2
3236,3
3236,4
3237,2
3237,3
3237,4
3238,2
3238,3
3238,4
3239,2
3239,3
3239,4
3240,1
3240,2
3240,3
3240,4
3240,5
3241,2
3241,3
3241,4
3242,2
3242,3
3242,4
3242,5
3243,5
3244,2
3244,3
3244,4
3244,5
3245,2
3245,3
3245,4
3246,2
3246,3
3246,4
3247,1
3247,2
3247,3
3247,4
3247,5
3248,2
3248,3
3248,4
3249,2
3249,3
3249,4
3249,5
3250,1
3250,2
3251,5
3252,2
3252,3
3252,4
3253,3
3253,4
3253,5
3254,2
3254,3
3254,4
3254,5
3255,4
3256,2
3256,3
3256,4
3256,5
3257,2
3257,3
3257,4
3257,5
3258,2
3258,3
3258,4
3258,5
3259,2
3259,3
3259,4
3259,5
3260,2
3260,3
3260,4
3260,5
3261,2
3261,3
3261,4
3261,5
3262,2
3262,3
3262,4
3262,5
3263,2
3263,3
3263,4
3263,5
3264,2
3264,3
3264,4
3264,5
3265,2
3265,3
3265,4
3265,5
3266,2
3266,3
3266,4
3266,5
3267,2
3267,3
3267,4
3268,1
3268,2
3268,3
3268,4
3268,5
3269,2
3269,3
3269,4
3269,5
3270,1
3270,2
3270,3
3270,4
3270,5
3271,2
3271,3
3271,4
3271,5
3272,1
3272,2
3272,3
3272,4
3272,5
3273,1
3273,2
3273,3
3273,4
3273,5
3274,1
3274,2
3275,2
3275,3
3275,4
3275,5
3276,1
3276,2
3277,4
3277,5
3278,2
3278,3
3278,4
3279,2
3279,3
3279,4
3279,5
3280,2
3280,3
3280,4
3280,5
3281,2
3281,3
3281,4
3281,5
3282,2
3282,3
3282,4
3282,5
3283,2
3283,3
3283,4
3284,2
3284,3
3284,4
3284,5
3285,2
3285,3
3285,4
3285,5
3286,1
3286,2
3286,3
3286,4
3286,5
3287,2
3287,3
3287,4
3287,5
3288,2
3288,3
3288,4
3288,5
3289,1
3289,2
3289,3
3289,4
3289,5
3290,1
3290,2
3290,3
3290,4
3290,5
3291,2
3291,3
3291,4
3291,5
3292,2
3292,3
3292,4
3292,5
3293,5
3294,2
3294,3
3294,4
3295,2
3295,3
3295,4
3295,5
3296,2
3296,3
3296,4
3296,5
3297,2
3297,3
3297,4
3297,5
3298,2
3298,3
3298,4
3298,5
3299,2
3299,3
3299,4
3300,2
3300,3
3300,4
3301,2
3301,3
3301,4
3301,5
3302,1
3302,2
3303,3
3303,4
3303,5
3304,2
3304,3
3304,4
3304,5
3305,1
3305,2
3305,3
3305,4
3305,5
3306,1
3306,2
3307,2
3307,3
3307,4
3307,5
3308,2
3308,3
3308,4
3309,5
3310,2
3310,3
3310,4
3310,5
3311,3
3311,4
3311,5
3312,2
3312,3
3312,4
3312,5
3313,4
3313,5
3314,2
3315,2
3315,3
3315,4
3315,5
3316,2
3316,3
3316,4
3317,3
3317,4
3317,5
3318,1
3318,2
3318,3
3318,4
3318,5
3319,5
3320,2
3320,3
3320,4
3320,5
3321,2
3321,3
3321,4
3321,5
3322,2
3322,3
3322,4
3322,5
3323,2
3323,3
3323,4
3323,5
3324,2
3324,3
3324,4
3324,5
3325,1
3325,2
3325,3
3325,4
3325,5
3326,1
3326,2
3326,3
3326,4
3326,5
3327,1
3327,2
3327,3
3327,4
3327,5
3328,5
3329,1
3329,2
3329,3
3329,4
3329,5
3330,2
3330,3
3330,4
3331,5
3332,1
3332,2
3332,3
3332,4
3332,5
3333,2
3333,3
3333,4
3333,5
3334,4
3334,5
3335,5
3336,1
3336,2
3336,3
3336,4
3336,5
3337,1
3337,2
3337,3
3337,4
3337,5
3338,2
3338,3
3338,4
3338,5
3339,1
3339,2
3339,3
3339,4
3339,5
3340,1
3340,2
3340,3
3340,4
3340,5
3341,1
3341,2
3341,3
3341,4
3341,5
3342,1
3342,2
3343,1
3343,2
3344,1
3344,2
3345,5
3346,1
3346,2
3346,3
3346,4
3346,5
3347,2
3347,3
3347,4
3348,1
3348,2
3348,3
3348,4
3348,5
3349,1
3349,2
3349,3
3349,4
3349,5
3350,1
3350,2
3350,3
3350,4
3350,5
3351,2
3351,3
3351,4
3352,4
3352,5
3353,1
3353,2
3354,1
3354,2
3355,2
3355,3
3355,4
3356,2
3356,3
3356,4
3356,5
3357,3
3357,4
3357,5
3358,2
3358,3
3358,4
3359,2
3359,3
3359,4
3359,5
3360,2
3360,3
3360,4
3361,2
3361,3
3361,4
3362,5
3363,1
3363,2
3363,3
3363,4
3363,5
3364,2
3364,3
3364,4
3365,1
3365,2
3365,3
3365,4
3365,5
3366,1
3366,2
3366,3
3366,4
3366,5
3367,5
3368,1
3368,2
3368,3
3368,4
3368,5
3369,5
3370,5
3371,2
3371,3
3371,4
3371,5
3372,1
3372,2
3372,3
3372,4
3372,5
3373,1
3373,2
3373,3
3373,4
3373,5
3374,2
3374,3
3374,4
3374,5
3375,1
3375,2
3376,1
3376,2
3376,3
3376,4
3376,5
3377,1
3377,2
3377,3
3377,4
3377,5
3378,2
3378,3
3378,4
3379,1
3379,2
3379,3
3379,4
3379,5
3380,2
3380,3
3380,4
3381,2
3382,5
3383,2
3383,3
3383,4
3383,5
3384,2
3384,3
3384,4
3384,5
3385,2
3385,3
3385,4
3385,5
3386,2
3386,3
3386,4
3387,2
3387,3
3387,4
3388,4
3388,5
3389,2
3389,3
3389,4
3389,5
3390,2
3390,3
3390,4
3390,5
3391,2
3391,3
3391,4
3391,5
3392,2
3393,2
3394,5
3395,1
3395,2
3395,3
3395,4
3395,5
3396,2
3396,3
3396,4
3396,5
3397,2
3397,3
3397,4
3397,5
3398,2
3398,3
3398,4
3398,5
3399,2
3399,3
3399,4
3399,5
3400,2
3400,3
3400,4
3400,5
3401,2
3401,3
3401,4
3401,5
3402,2
3402,3
3402,4
3402,5
3403,2
3403,3
3403,4
3403,5
3404,2
3404,3
3404,4
3405,2
3405,3
3405,4
3405,5
3406,2
3406,3
3406,4
3406,5
3407,2
3407,3
3407,4
3408,2
3408,3
3408,4
3408,5
3409,1
3409,2
3409,3
3409,4
3409,5
3410,1
3410,2
3411,1
3411,2
3411,3
3411,4
3411,5
3412,5
3413,5
3414,1
3414,2
3415,2
3415,3
3415,4
3415,5
3416,2
3416,3
3416,4
3416,5
3417,1
3417,2
3417,3
3417,4
3417,5
3418,2
3418,3
3418,4
3418,5
3419,2
3419,3
3419,4
3420,1
3420,2
3420,3
3420,4
3420,5
3421,1
3421,2
3421,3
3421,4
3421,5
3422,1
3422,2
3423,2
3423,3
3423,4
3423,5
3424,4
3424,5
3425,2
3425,3
3425,4
3425,5
3426,1
3426,2
3427,2
3427,3
3427,4
3428,2
3428,3
3428,4
3429,2
3429,3
3429,4
3430,2
3431,1
3431,2
3432,1
3432,2
3433,2
3433,3
3433,4
3433,5
3434,2
3434,3
3434,4
3434,5
3435,1
3435,2
3435,3
3435,4
3435,5
3436,1
3436,2
3436,3
3436,4
3436,5
3437,1
3437,2
3437,3
3437,4
3437,5
3438,5
3439,1
3439,2
3439,3
3439,4
3439,5
3440,2
3440,3
3440,4
3441,1
3441,2
3442,1
3442,2
3442,3
3442,4
3442,5
3443,3
3443,4
3443,5
3444,3
3444,4
3444,5
3445,5
3446,1
3446,2
3446,3
3446,4
3446,5
3447,1
3447,2
3447,3
3447,4
3447,5
3448,2
3448,3
3448,4
3449,1
3449,2
3449,3
3449,4
3449,5
3450,2
3450,3
3450,4
3450,5
3451,4
3451,5
3452,1
3452,2
3452,3
3452,4
3452,5
3453,4
3453,5
3454,1
3454,2
3454,3
3454,4
3454,5
3455,1
3455,2
3455,3
3455,4
3455,5
3456,2
3456,3
3456,4
3456,5
3457,1
3458,1
3458,2
3459,1
3460,1
3461,2
3461,3
3461,4
3462,2
3462,3
3462,4
3463,1
3463,2
3464,1
3464,2
3465,2
3465,3
3465,4
3466,1
3466,2
3466,3
3466,4
3466,5
3467,2
3467,3
3467,4
3467,5
3468,2
3468,3
3468,4
3469,2
3469,3
3469,4
3469,5
3470,2
3470,3
3470,4
3470,5
3471,1
3471,2
3472,2
3472,3
3472,4
3472,5
3473,2
3473,3
3473,4
3473,5
3474,2
3474,3
3474,4
3474,5
3475,1
3475,2
3475,3
3475,4
3475,5
3476,1
3476,2
3476,3
3476,4
3476,5
3477,2
3477,3
3477,4
3477,5
3478,2
3478,3
3478,4
3479,2
3479,3
3479,4
3479,5
3480,1
3480,2
3480,3
3480,4
3480,5
3481,2
3482,1
3482,2
3483,1
3484,1
3485,1
3485,2
3485,3
3485,4
3485,5
3486,2
3486,3
3486,4
3487,2
3487,3
3487,4
3487,5
3488,2
3488,3
3488,4
3488,5
3489,2
3489,3
3489,4
3490,2
3490,3
3490,4
3491,2
3491,3
3491,4
3491,5
3492,2
3492,3
3492,4
3492,5
3493,2
3493,3
3493,4
3493,5
3494,2
3494,3
3494,4
3495,2
3495,3
3495,4
3496,2
3496,3
3496,4
3496,5
3497,2
3497,3
3497,4
3497,5
3498,2
3498,3
3498,4
3499,1
3500,2
3500,3
3500,4
3500,5
3501,1
3501,2
3502,5
3503,2
3503,3
3503,4
3503,5
3504,2
3504,3
3504,4
3504,5
3505,2
3505,3
3505,4
3505,5
3506,1
3506,2
3506,3
3506,4
3506,5
3507,1
3507,2
3507,3
3507,4
3507,5
3508,1
3508,2
3508,3
3508,4
3508,5
3509,5
3510,1
3511,2
3511,3
3511,4
3512,2
3512,3
3512,4
3512,5
3513,1
3513,2
3514,1
3514,2
3514,3
3514,4
3514,5
3515,1
3515,2
3515,3
3515,4
3515,5
3516,1
3516,2
3516,3
3516,4
3516,5
