welfare_id,welfaretarget_target_id
1,0
1,1
1,3
1,4
2,4
3,3
4,3
5,3
6,3
7,3
8,3
9,3
10,3
11,3
12,3
13,3
14,3
15,3
16,3
17,3
18,3
19,3
20,3
21,3
22,3
23,3
24,3
25,3
26,3
27,3
28,3
29,3
30,3
31,0
31,1
31,3
31,4
32,0
32,1
32,3
32,4
33,0
33,1
33,3
33,4
34,0
34,1
34,3
34,4
35,5
36,5
37,0
37,1
37,3
37,4
38,5
39,0
40,0
41,0
42,0
42,1
42,3
42,4
43,0
44,0
44,1
44,3
44,4
45,0
45,1
45,3
45,4
46,5
47,0
47,1
47,3
47,4
48,0
48,1
48,3
48,4
49,5
50,5
51,0
51,1
51,3
51,4
52,5
53,5
54,5
55,5
56,0
56,1
56,3
56,4
57,5
58,0
58,1
58,3
58,4
59,0
59,1
59,3
59,4
60,5
61,5
62,5
63,0
63,1
63,3
63,4
64,5
65,0
65,1
65,3
65,4
66,0
66,1
66,3
66,4
67,5
68,0
68,1
68,3
68,4
69,0
69,1
69,3
69,4
70,0
70,1
70,3
70,4
71,0
71,1
71,3
71,4
72,0
72,1
72,3
72,4
73,0
73,1
73,3
73,4
74,4
75,3
76,3
77,0
77,1
77,3
77,4
78,3
79,3
80,3
81,4
82,1
83,5
84,4
85,5
86,4
87,1
87,3
87,4
88,0
89,5
90,1
91,5
92,4
93,5
94,1
95,1
96,1
97,1
98,1
99,5
100,1
101,1
102,1
103,1
104,3
105,3
106,3
107,3
108,3
109,3
110,3
111,3
112,3
113,3
114,3
115,3
116,3
117,3
118,3
119,3
120,3
121,3
122,3
123,3
124,3
125,3
126,3
127,3
128,3
129,3
130,3
131,3
132,3
133,3
134,3
135,3
136,3
137,0
137,1
137,3
137,4
138,0
138,1
138,3
138,4
139,5
140,0
140,1
140,3
140,4
141,0
141,1
141,3
141,4
142,0
142,1
142,3
142,4
143,0
143,1
143,3
143,4
144,0
145,5
146,5
147,3
148,5
149,0
149,1
149,3
149,4
150,5
151,5
152,5
153,0
153,1
153,3
153,4
154,5
155,0
155,1
155,3
155,4
156,0
156,1
156,3
156,4
157,5
158,5
159,5
160,0
161,5
162,0
162,1
162,3
162,4
163,0
163,1
163,3
163,4
164,0
164,1
164,3
164,4
165,0
166,5
167,5
168,0
168,1
168,3
168,4
169,5
170,5
171,0
171,1
171,3
171,4
172,5
173,0
173,1
173,3
173,4
174,0
174,1
174,3
174,4
175,5
176,0
177,5
178,5
179,5
180,5
181,0
181,1
181,3
181,4
182,0
182,1
182,3
182,4
183,5
184,0
184,1
184,3
184,4
185,0
185,1
185,3
185,4
186,0
186,1
186,3
186,4
187,0
188,0
189,0
190,5
191,0
191,1
191,3
191,4
192,5
193,5
194,5
195,0
195,1
195,3
195,4
196,0
196,1
196,3
196,4
197,5
198,0
198,1
198,3
198,4
199,0
200,0
200,1
200,3
200,4
201,5
202,0
202,1
202,3
202,4
203,0
203,1
203,3
203,4
204,5
205,0
205,1
205,3
205,4
206,5
207,0
207,1
207,3
207,4
208,0
208,1
208,3
208,4
209,5
210,0
210,1
210,3
210,4
211,5
212,5
213,0
213,1
213,3
213,4
214,0
214,1
214,3
214,4
215,5
216,5
217,0
218,0
219,0
219,1
219,3
219,4
220,0
220,1
220,3
220,4
221,0
221,1
221,3
221,4
222,0
222,1
222,3
222,4
223,5
224,1
225,1
226,0
226,1
226,3
226,4
227,1
228,0
229,0
229,1
229,3
229,4
230,0
230,1
230,3
230,4
231,0
231,1
231,3
231,4
232,0
232,1
232,3
232,4
233,0
233,1
233,3
233,4
234,0
234,1
234,3
234,4
235,0
235,1
235,3
235,4
236,0
236,1
236,3
236,4
237,0
237,1
237,3
237,4
238,5
239,5
240,0
240,1
240,3
240,4
241,0
241,1
241,3
241,4
242,0
242,1
242,3
242,4
243,0
243,1
243,3
243,4
244,0
244,1
244,3
244,4
245,0
245,1
245,3
245,4
246,4
247,5
248,0
248,1
248,3
248,4
249,5
250,0
251,5
252,5
253,5
254,5
255,5
256,0
256,1
256,3
256,4
257,5
258,5
259,0
259,1
259,3
259,4
260,5
261,5
262,5
263,0
263,1
263,3
263,4
264,0
265,0
265,1
265,3
265,4
266,5
267,0
267,1
267,3
267,4
268,0
268,1
268,3
268,4
269,5
270,5
271,0
271,1
271,3
271,4
272,5
273,0
273,1
273,3
273,4
274,5
275,5
276,5
277,0
277,1
277,3
277,4
278,5
279,5
280,5
281,5
282,0
282,1
282,3
282,4
283,5
284,1
285,0
285,1
285,3
285,4
286,5
287,5
288,0
288,1
288,3
288,4
289,0
289,1
289,3
289,4
290,5
291,5
292,5
293,0
293,1
293,3
293,4
294,5
295,5
296,0
297,5
298,5
299,5
300,5
301,5
302,0
303,5
304,0
304,1
304,3
304,4
305,0
305,1
305,3
305,4
306,5
307,0
307,1
307,3
307,4
308,0
308,1
308,3
308,4
309,5
310,5
311,5
312,0
312,1
312,3
312,4
313,0
313,1
313,3
313,4
314,5
315,5
316,0
316,1
316,3
316,4
317,0
317,1
317,3
317,4
318,5
319,5
320,5
321,0
321,1
321,3
321,4
322,0
322,1
322,3
322,4
323,5
324,5
325,5
326,0
326,1
326,3
326,4
327,5
328,5
329,5
330,0
330,1
330,3
330,4
331,5
332,5
333,0
333,1
333,3
333,4
334,0
334,1
334,3
334,4
335,0
335,1
335,3
335,4
336,0
336,1
336,3
336,4
337,5
338,3
339,0
339,1
339,3
339,4
340,5
341,0
341,1
341,3
341,4
342,5
343,0
343,1
343,3
343,4
344,5
345,5
346,5
347,5
348,0
348,1
348,3
348,4
349,0
350,0
350,1
350,3
350,4
351,5
352,0
352,1
352,3
352,4
353,5
354,0
354,1
354,3
354,4
355,5
356,5
357,5
358,5
359,5
360,5
361,0
361,1
361,3
361,4
362,5
363,0
363,1
363,3
363,4
364,5
365,0
365,1
365,3
365,4
366,5
367,5
368,0
368,1
368,3
368,4
369,0
369,1
369,3
369,4
370,5
371,5
372,0
372,1
372,3
372,4
373,4
374,5
375,5
376,0
376,1
376,3
376,4
377,0
377,1
377,3
377,4
378,0
378,1
378,3
378,4
379,0
379,1
379,3
379,4
380,0
380,1
380,3
380,4
381,0
381,1
381,3
381,4
382,0
382,1
382,3
382,4
383,0
383,1
383,3
383,4
384,5
385,4
386,0
386,1
386,3
386,4
387,0
387,1
387,3
387,4
388,0
388,1
388,3
388,4
389,0
389,1
389,3
389,4
390,0
390,1
390,3
390,4
391,5
392,0
392,1
392,3
392,4
393,0
393,1
393,3
393,4
394,0
394,1
394,3
394,4
395,0
395,1
395,3
395,4
396,5
397,5
398,0
398,1
398,3
398,4
399,0
399,1
399,3
399,4
400,5
401,0
401,1
401,3
401,4
402,5
403,0
403,1
403,3
403,4
404,5
405,5
406,0
406,1
406,3
406,4
407,5
408,5
409,0
409,1
409,3
409,4
410,0
410,1
410,3
410,4
411,5
412,5
413,0
413,1
413,3
413,4
414,0
415,0
415,1
415,3
415,4
416,0
416,1
416,3
416,4
417,0
417,1
417,3
417,4
418,5
419,0
419,1
419,3
419,4
420,3
421,0
422,5
423,5
424,5
425,5
426,0
426,1
426,3
426,4
427,5
428,5
429,5
430,5
431,5
432,0
432,1
432,3
432,4
433,0
433,1
433,3
433,4
434,5
435,5
436,0
437,0
437,1
437,3
437,4
438,5
439,0
440,5
441,5
442,0
443,5
444,0
445,5
446,5
447,5
448,0
449,5
450,5
451,0
451,1
451,3
451,4
452,0
452,1
452,3
452,4
453,0
453,1
453,3
453,4
454,5
455,5
456,0
456,1
456,3
456,4
457,0
457,1
457,3
457,4
458,5
459,5
460,5
461,0
461,1
461,3
461,4
462,0
462,1
462,3
462,4
463,5
464,5
465,0
465,1
465,3
465,4
466,0
466,1
466,3
466,4
467,0
467,1
467,3
467,4
468,0
469,0
469,1
469,3
469,4
470,0
470,1
470,3
470,4
471,5
472,0
472,1
472,3
472,4
473,0
473,1
473,3
473,4
474,0
474,1
474,3
474,4
475,5
476,5
477,0
478,0
478,1
478,3
478,4
479,5
480,5
481,5
482,0
483,0
483,1
483,3
483,4
484,5
485,3
486,5
487,5
488,0
488,1
488,3
488,4
489,0
489,1
489,3
489,4
490,0
490,1
490,3
490,4
491,5
492,5
493,5
494,0
494,1
494,3
494,4
495,0
495,1
495,3
495,4
496,0
497,5
498,0
499,5
500,0
500,1
500,3
500,4
501,5
502,0
502,1
502,3
502,4
503,0
504,5
505,0
505,1
505,3
505,4
506,5
507,5
508,5
509,5
510,3
511,0
511,1
511,3
511,4
512,5
513,3
514,5
515,0
515,1
515,3
515,4
516,0
517,0
517,1
517,3
517,4
518,5
519,5
520,0
520,1
520,3
520,4
521,3
522,3
523,5
524,3
525,0
525,1
525,3
525,4
526,3
527,5
528,5
529,3
530,3
531,0
531,1
531,3
531,4
532,3
533,3
534,0
535,0
535,1
535,3
535,4
536,3
537,3
538,3
539,5
540,3
541,5
542,0
542,1
542,3
542,4
543,5
544,0
544,1
544,3
544,4
545,5
546,0
546,1
546,3
546,4
547,5
548,0
548,1
548,3
548,4
549,5
550,5
551,5
552,5
553,5
554,5
555,0
555,1
555,3
555,4
556,5
557,5
558,5
559,0
559,1
559,3
559,4
560,5
561,0
561,1
561,3
561,4
562,5
563,0
563,1
563,3
563,4
564,0
564,1
564,3
564,4
565,5
566,5
567,5
568,5
569,5
570,0
570,1
570,3
570,4
571,5
572,3
573,0
574,5
575,5
576,5
577,0
577,1
577,3
577,4
578,3
579,0
579,1
579,3
579,4
580,0
581,5
582,0
583,3
584,0
584,1
584,3
584,4
585,3
586,3
587,3
588,5
589,0
589,1
589,3
589,4
590,3
591,0
591,1
591,3
591,4
592,0
592,1
592,3
592,4
593,0
593,1
593,3
593,4
594,0
594,1
594,3
594,4
595,0
595,1
595,3
595,4
596,5
597,3
598,3
599,3
600,0
600,1
600,3
600,4
601,5
602,5
603,0
604,0
604,1
604,3
604,4
605,0
605,1
605,3
605,4
606,5
607,0
608,5
609,5
610,0
610,1
610,3
610,4
611,3
612,0
613,5
614,5
615,5
616,0
616,1
616,3
616,4
617,0
617,1
617,3
617,4
618,0
618,1
618,3
618,4
619,5
620,5
621,5
622,5
623,5
624,0
624,1
624,3
624,4
625,5
626,0
626,1
626,3
626,4
627,5
628,5
629,5
630,5
631,0
631,1
631,3
631,4
632,0
633,5
634,5
635,0
635,1
635,3
635,4
636,0
636,1
636,3
636,4
637,0
637,1
637,3
637,4
638,5
639,5
640,3
641,5
642,3
643,5
644,5
645,5
646,0
646,1
646,3
646,4
647,5
648,0
648,1
648,3
648,4
649,3
650,5
651,0
651,1
651,3
651,4
652,5
653,0
653,1
653,3
653,4
654,5
655,0
655,1
655,3
655,4
656,5
657,5
658,4
659,5
660,5
661,0
661,1
661,3
661,4
662,5
663,0
664,5
665,5
666,5
667,3
668,3
669,0
670,3
671,5
672,4
673,5
674,0
674,1
674,3
674,4
675,0
675,1
675,3
675,4
676,1
677,5
678,3
679,5
680,5
681,0
682,5
683,3
684,3
685,5
686,0
686,1
686,3
686,4
687,0
687,1
687,3
687,4
688,0
688,1
688,3
688,4
689,0
689,1
689,3
689,4
690,0
690,1
690,3
690,4
691,5
692,5
693,5
694,5
695,5
696,1
696,4
697,0
697,1
697,3
697,4
698,0
698,1
698,3
698,4
699,0
699,1
699,3
699,4
700,0
700,1
700,3
700,4
701,5
702,0
702,1
702,3
702,4
703,0
703,1
703,3
703,4
704,5
705,5
706,5
707,5
708,5
709,5
710,5
711,0
711,1
711,3
711,4
712,0
712,1
712,3
712,4
713,0
714,0
715,0
715,1
715,3
715,4
716,0
716,1
716,3
716,4
717,5
718,5
719,5
720,5
721,1
722,1
723,0
724,0
725,0
726,5
727,5
728,5
729,5
730,5
731,5
732,0
732,1
732,3
732,4
733,5
734,5
735,5
736,5
737,5
738,5
739,5
740,0
740,1
740,3
740,4
741,0
741,1
741,3
741,4
742,5
743,0
743,1
743,3
743,4
744,0
744,1
744,3
744,4
745,0
745,1
745,3
745,4
746,0
746,1
746,3
746,4
747,5
748,0
748,1
748,3
748,4
749,5
750,5
751,5
752,0
752,1
752,3
752,4
753,5
754,0
754,1
754,3
754,4
755,0
755,1
755,3
755,4
756,3
757,3
758,5
759,5
760,5
761,0
761,1
761,3
761,4
762,0
762,1
762,3
762,4
763,3
764,5
765,5
766,0
766,1
766,3
766,4
767,5
768,0
768,1
768,3
768,4
769,0
769,1
769,3
769,4
770,1
771,5
772,0
773,5
774,0
774,1
774,3
774,4
775,3
776,0
776,1
776,3
776,4
777,5
778,0
778,1
778,3
778,4
779,0
779,1
779,3
779,4
780,5
781,5
782,5
783,5
784,1
784,4
785,5
786,5
787,0
787,1
787,3
787,4
788,5
789,5
790,5
791,0
791,1
791,3
791,4
792,3
793,3
794,0
795,1
796,5
797,0
797,1
797,3
797,4
798,5
799,0
800,5
801,3
802,0
802,1
802,3
802,4
803,0
803,1
803,3
803,4
804,5
805,3
806,0
807,0
807,1
807,3
807,4
808,5
809,0
809,1
809,3
809,4
810,0
810,1
810,3
810,4
811,3
812,0
812,1
812,3
812,4
813,5
814,3
815,0
816,0
816,1
816,3
816,4
817,3
818,0
819,0
820,5
821,5
822,5
823,5
824,0
824,1
824,3
824,4
825,3
826,5
827,5
828,0
828,1
828,3
828,4
829,0
829,1
829,3
829,4
830,0
830,1
830,3
830,4
831,5
832,0
832,1
832,3
832,4
833,0
833,1
833,3
833,4
834,5
835,5
836,0
836,1
836,3
836,4
837,0
837,1
837,3
837,4
838,1
839,0
839,1
839,3
839,4
840,0
840,1
840,3
840,4
841,0
841,1
841,3
841,4
842,5
843,5
844,0
845,5
846,0
846,1
846,3
846,4
847,5
848,5
849,5
850,5
851,5
852,0
852,1
852,3
852,4
853,0
853,1
853,3
853,4
854,5
855,5
856,5
857,0
857,1
857,3
857,4
858,5
859,5
860,5
861,5
862,0
863,0
864,5
865,0
866,0
866,1
866,3
866,4
867,3
868,0
868,1
868,3
868,4
869,0
870,0
870,1
870,3
870,4
871,5
872,0
872,1
872,3
872,4
873,5
874,5
875,0
876,5
877,5
878,5
879,0
879,1
879,3
879,4
880,0
880,1
880,3
880,4
881,0
881,1
881,3
881,4
882,0
882,1
882,3
882,4
883,5
884,3
885,0
885,1
885,3
885,4
886,0
886,1
886,3
886,4
887,5
888,0
888,1
888,3
888,4
889,5
890,0
890,1
890,3
890,4
891,0
891,1
891,3
891,4
892,0
892,1
892,3
892,4
893,5
894,5
895,5
896,3
897,0
898,5
899,5
900,5
901,0
901,1
901,3
901,4
902,5
903,5
904,5
905,5
906,5
907,5
908,0
908,1
908,3
908,4
909,0
910,0
910,1
910,3
910,4
911,0
911,1
911,3
911,4
912,5
913,0
914,0
914,1
914,3
914,4
915,5
916,3
917,0
917,1
917,3
917,4
918,0
919,5
920,0
920,1
920,3
920,4
921,3
922,4
923,0
924,5
925,0
926,0
927,0
927,1
927,3
927,4
928,0
929,5
930,5
931,5
932,0
932,1
932,3
932,4
933,0
933,1
933,3
933,4
934,1
934,4
935,5
936,0
936,1
936,3
936,4
937,0
938,0
938,1
938,3
938,4
939,5
940,0
940,1
940,3
940,4
941,0
941,1
941,3
941,4
942,5
943,3
944,0
944,1
944,3
944,4
945,0
946,0
946,1
946,3
946,4
947,5
948,0
948,1
948,3
948,4
949,0
950,0
950,1
950,3
950,4
951,5
952,0
952,1
952,3
952,4
953,5
954,0
954,1
954,3
954,4
955,5
956,5
957,0
957,1
957,3
957,4
958,5
959,0
959,1
959,3
959,4
960,0
960,1
960,3
960,4
961,5
962,5
963,0
963,1
963,3
963,4
964,0
964,1
964,3
964,4
965,0
965,1
965,3
965,4
966,0
966,1
966,3
966,4
967,5
968,0
969,3
970,5
971,3
972,5
973,5
974,3
975,5
976,5
977,5
978,0
978,1
978,3
978,4
979,0
979,1
979,3
979,4
980,5
981,5
982,0
982,1
982,3
982,4
983,5
984,3
985,5
986,0
986,1
986,3
986,4
987,5
988,0
988,1
988,3
988,4
989,0
989,1
989,3
989,4
990,0
990,1
990,3
990,4
991,5
992,5
993,0
993,1
993,3
993,4
994,5
995,5
996,3
997,3
998,0
998,1
998,3
998,4
999,5
1000,5
1001,5
1002,0
1002,1
1002,3
1002,4
1003,0
1003,1
1003,3
1003,4
1004,5
1005,0
1005,1
1005,3
1005,4
1006,5
1007,0
1007,1
1007,3
1007,4
1008,0
1008,1
1008,3
1008,4
1009,5
1010,3
1011,5
1012,5
1013,5
1014,0
1014,1
1014,3
1014,4
1015,0
1015,1
1015,3
1015,4
1016,0
1017,3
1018,0
1018,1
1018,3
1018,4
1019,5
1020,5
1021,0
1021,1
1021,3
1021,4
1022,5
1023,5
1024,0
1024,1
1024,3
1024,4
1025,3
1026,0
1026,1
1026,3
1026,4
1027,0
1027,1
1027,3
1027,4
1028,5
1029,0
1029,1
1029,3
1029,4
1030,0
1031,0
1031,1
1031,3
1031,4
1032,0
1032,1
1032,3
1032,4
1033,5
1034,5
1035,0
1035,1
1035,3
1035,4
1036,0
1036,1
1036,3
1036,4
1037,3
1038,3
1039,3
1040,3
1041,3
1042,0
1042,1
1042,3
1042,4
1043,5
1044,3
1045,3
1046,0
1046,1
1046,3
1046,4
1047,3
1048,0
1048,1
1048,3
1048,4
1049,3
1050,0
1050,1
1050,3
1050,4
1051,3
1052,0
1052,1
1052,3
1052,4
1053,0
1053,1
1053,3
1053,4
1054,5
1055,0
1056,0
1056,1
1056,3
1056,4
1057,3
1058,3
1059,0
1059,1
1059,3
1059,4
1060,5
1061,3
1062,5
1063,5
1064,3
1065,3
1066,5
1067,0
1067,1
1067,3
1067,4
1068,3
1069,0
1069,1
1069,3
1069,4
1070,3
1071,0
1071,1
1071,3
1071,4
1072,3
1073,3
1074,0
1074,1
1074,3
1074,4
1075,3
1076,5
1077,0
1077,1
1077,3
1077,4
1078,5
1079,0
1079,1
1079,3
1079,4
1080,3
1081,5
1082,0
1082,1
1082,3
1082,4
1083,4
1084,5
1085,3
1086,3
1087,3
1088,3
1089,3
1090,0
1090,1
1090,3
1090,4
1091,0
1091,1
1091,3
1091,4
1092,3
1093,0
1094,0
1094,1
1094,3
1094,4
1095,3
1096,3
1097,3
1098,3
1099,3
1100,0
1101,3
1102,3
1103,3
1104,5
1105,0
1106,3
1107,5
1108,5
1109,3
1110,3
1111,3
1112,3
1113,0
1113,1
1113,3
1113,4
1114,5
1115,5
1116,3
1117,0
1117,1
1117,3
1117,4
1118,3
1119,0
1119,1
1119,3
1119,4
1120,0
1120,1
1120,3
1120,4
1121,3
1122,5
1123,0
1123,1
1123,3
1123,4
1124,3
1125,5
1126,0
1126,1
1126,3
1126,4
1127,3
1128,0
1128,1
1128,3
1128,4
1129,0
1129,1
1129,3
1129,4
1130,3
1131,3
1132,3
1133,3
1134,3
1135,3
1136,5
1137,3
1138,3
1139,3
1140,3
1141,3
1142,5
1143,0
1143,1
1143,3
1143,4
1144,0
1144,1
1144,3
1144,4
1145,3
1146,0
1146,1
1146,3
1146,4
1147,0
1147,1
1147,3
1147,4
1148,5
1149,3
1150,3
1151,0
1151,1
1151,3
1151,4
1152,0
1152,1
1152,3
1152,4
1153,3
1154,5
1155,5
1156,0
1156,1
1156,3
1156,4
1157,3
1158,3
1159,0
1159,1
1159,3
1159,4
1160,0
1160,1
1160,3
1160,4
1161,0
1161,1
1161,3
1161,4
1162,5
1163,0
1164,5
1165,0
1166,0
1166,1
1166,3
1166,4
1167,5
1168,5
1169,3
1170,0
1170,1
1170,3
1170,4
1171,0
1171,1
1171,3
1171,4
1172,0
1172,1
1172,3
1172,4
1173,3
1174,0
1174,1
1174,3
1174,4
1175,0
1176,0
1176,1
1176,3
1176,4
1177,5
1178,0
1178,1
1178,3
1178,4
1179,0
1179,1
1179,3
1179,4
1180,5
1181,5
1182,5
1183,0
1183,1
1183,3
1183,4
1184,5
1185,3
1186,5
1187,0
1187,1
1187,3
1187,4
1188,3
1189,0
1189,1
1189,3
1189,4
1190,0
1190,1
1190,3
1190,4
1191,0
1192,3
1193,5
1194,0
1194,1
1194,3
1194,4
1195,0
1195,1
1195,3
1195,4
1196,5
1197,3
1198,3
1199,0
1200,5
1201,0
1201,1
1201,3
1201,4
1202,0
1202,1
1202,3
1202,4
1203,0
1203,1
1203,3
1203,4
1204,5
1205,0
1205,1
1205,3
1205,4
1206,5
1207,5
1208,5
1209,0
1209,1
1209,3
1209,4
1210,0
1211,5
1212,5
1213,0
1213,1
1213,3
1213,4
1214,3
1215,3
1216,5
1217,5
1218,5
1219,5
1220,0
1220,1
1220,3
1220,4
1221,3
1222,0
1222,1
1222,3
1222,4
1223,5
1224,5
1225,0
1225,1
1225,3
1225,4
1226,5
1227,5
1228,5
1229,5
1230,3
1231,0
1231,1
1231,3
1231,4
1232,0
1233,0
1233,1
1233,3
1233,4
1234,0
1234,1
1234,3
1234,4
1235,0
1235,1
1235,3
1235,4
1236,0
1236,1
1236,3
1236,4
1237,5
1238,0
1238,1
1238,3
1238,4
1239,0
1239,1
1239,3
1239,4
1240,5
1241,5
1242,5
1243,5
1244,0
1244,1
1244,3
1244,4
1245,5
1246,5
1247,0
1247,1
1247,3
1247,4
1248,0
1248,1
1248,3
1248,4
1249,3
1250,3
1251,5
1252,0
1252,1
1252,3
1252,4
1253,3
1254,0
1254,1
1254,3
1254,4
1255,3
1256,0
1256,1
1256,3
1256,4
1257,3
1258,5
1259,0
1259,1
1259,3
1259,4
1260,0
1260,1
1260,3
1260,4
1261,3
1262,0
1262,1
1262,3
1262,4
1263,0
1264,5
1265,5
1266,5
1267,5
1268,5
1269,5
1270,0
1270,1
1270,3
1270,4
1271,5
1272,5
1273,3
1274,5
1275,0
1275,1
1275,3
1275,4
1276,5
1277,0
1277,1
1277,3
1277,4
1278,0
1278,1
1278,3
1278,4
1279,0
1279,1
1279,3
1279,4
1280,5
1281,5
1282,5
1283,0
1283,1
1283,3
1283,4
1284,3
1285,0
1286,0
1287,3
1288,3
1289,5
1290,3
1291,0
1291,1
1291,3
1291,4
1292,0
1292,1
1292,3
1292,4
1293,3
1294,0
1294,1
1294,3
1294,4
1295,3
1296,5
1297,0
1297,1
1297,3
1297,4
1298,0
1298,1
1298,3
1298,4
1299,0
1299,1
1299,3
1299,4
1300,0
1300,1
1300,3
1300,4
1301,0
1301,1
1301,3
1301,4
1302,0
1302,1
1302,3
1302,4
1303,0
1303,1
1303,3
1303,4
1304,5
1305,5
1306,0
1306,1
1306,3
1306,4
1307,5
1308,3
1309,3
1310,3
1311,0
1311,1
1311,3
1311,4
1312,3
1313,5
1314,3
1315,5
1316,3
1317,5
1318,3
1319,5
1320,0
1320,1
1320,3
1320,4
1321,3
1322,0
1322,1
1322,3
1322,4
1323,0
1323,1
1323,3
1323,4
1324,0
1324,1
1324,3
1324,4
1325,0
1325,1
1325,3
1325,4
1326,0
1326,1
1326,3
1326,4
1327,3
1328,5
1329,5
1330,3
1331,0
1331,1
1331,3
1331,4
1332,5
1333,3
1334,0
1334,1
1334,3
1334,4
1335,3
1336,3
1337,3
1338,3
1339,3
1340,3
1341,3
1342,3
1343,3
1344,3
1345,3
1346,0
1346,1
1346,3
1346,4
1347,0
1347,1
1347,3
1347,4
1348,0
1348,1
1348,3
1348,4
1349,5
1350,3
1351,3
1352,3
1353,0
1353,1
1353,3
1353,4
1354,5
1355,3
1356,0
1356,1
1356,3
1356,4
1357,3
1358,3
1359,3
1360,3
1361,0
1361,1
1361,3
1361,4
1362,5
1363,0
1363,1
1363,3
1363,4
1364,3
1365,0
1365,1
1365,3
1365,4
1366,0
1366,1
1366,3
1366,4
1367,5
1368,3
1369,5
1370,3
1371,3
1372,3
1373,3
1374,3
1375,0
1375,1
1375,3
1375,4
1376,3
1377,5
1378,5
1379,0
1380,5
1381,5
1382,5
1383,5
1384,0
1384,1
1384,3
1384,4
1385,3
1386,3
1387,0
1387,1
1387,3
1387,4
1388,3
1389,5
1390,3
1391,5
1392,5
1393,5
1394,4
1395,0
1395,1
1395,3
1395,4
1396,5
1397,5
1398,0
1398,1
1398,3
1398,4
1399,5
1400,3
1401,5
1402,5
1403,5
1404,3
1405,5
1406,5
1407,3
1408,5
1409,3
1410,3
1411,3
1412,3
1413,3
1414,3
1415,3
1416,3
1417,3
1418,3
1419,3
1420,3
1421,3
1422,5
1423,3
1424,5
1425,5
1426,0
1426,1
1426,3
1426,4
1427,0
1428,3
1429,3
1430,3
1431,5
1432,5
1433,0
1433,1
1433,3
1433,4
1434,0
1434,1
1434,3
1434,4
1435,0
1435,1
1435,3
1435,4
1436,5
1437,5
1438,3
1439,0
1439,1
1439,3
1439,4
1440,3
1441,0
1441,1
1441,3
1441,4
1442,3
1443,0
1443,1
1443,3
1443,4
1444,5
1445,3
1446,5
1447,4
1448,3
1449,3
1450,0
1450,1
1450,3
1450,4
1451,0
1451,1
1451,3
1451,4
1452,5
1453,3
1454,5
1455,0
1455,1
1455,3
1455,4
1456,0
1456,1
1456,3
1456,4
1457,3
1458,5
1459,5
1460,3
1461,3
1462,3
1463,3
1464,3
1465,3
1466,3
1467,3
1468,5
1469,3
1470,3
1471,3
1472,3
1473,3
1474,5
1475,5
1476,3
1477,3
1478,3
1479,3
1480,3
1481,3
1482,0
1482,1
1482,3
1482,4
1483,3
1484,3
1485,5
1486,3
1487,0
1487,1
1487,3
1487,4
1488,3
1489,3
1490,3
1491,5
1492,5
1493,5
1494,3
1495,3
1496,3
1497,3
1498,5
1499,5
1500,3
1501,3
1502,3
1503,0
1503,1
1503,3
1503,4
1504,3
1505,3
1506,3
1507,3
1508,3
1509,5
1510,5
1511,3
1512,5
1513,3
1514,5
1515,3
1516,0
1516,1
1516,3
1516,4
1517,5
1518,5
1519,3
1520,0
1521,0
1522,5
1523,5
1524,3
1525,5
1526,5
1527,0
1527,1
1527,3
1527,4
1528,3
1529,3
1530,3
1531,3
1532,3
1533,0
1533,1
1533,3
1533,4
1534,0
1534,1
1534,3
1534,4
1535,3
1536,3
1537,3
1538,3
1539,3
1540,5
1541,0
1541,1
1541,3
1541,4
1542,0
1543,3
1544,3
1545,5
1546,3
1547,0
1547,1
1547,3
1547,4
1548,3
1549,5
1550,0
1550,1
1550,3
1550,4
1551,0
1551,1
1551,3
1551,4
1552,0
1552,1
1552,3
1552,4
1553,3
1554,3
1555,0
1555,1
1555,3
1555,4
1556,3
1557,0
1557,1
1557,3
1557,4
1558,3
1559,5
1560,0
1560,1
1560,3
1560,4
1561,0
1561,1
1561,3
1561,4
1562,0
1562,1
1562,3
1562,4
1563,0
1563,1
1563,3
1563,4
1564,3
1565,0
1565,1
1565,3
1565,4
1566,3
1567,3
1568,3
1569,0
1569,1
1569,3
1569,4
1570,3
1571,0
1571,1
1571,3
1571,4
1572,3
1573,3
1574,3
1575,3
1576,3
1577,0
1577,1
1577,3
1577,4
1578,0
1578,1
1578,3
1578,4
1579,5
1580,0
1580,1
1580,3
1580,4
1581,5
1582,0
1582,1
1582,3
1582,4
1583,0
1583,1
1583,3
1583,4
1584,5
1585,0
1585,1
1585,3
1585,4
1586,5
1587,0
1587,1
1587,3
1587,4
1588,3
1589,3
1590,0
1591,0
1591,1
1591,3
1591,4
1592,5
1593,5
1594,3
1595,0
1596,5
1597,5
1598,0
1599,5
1600,0
1600,1
1600,3
1600,4
1601,3
1602,5
1603,5
1604,0
1604,1
1604,3
1604,4
1605,1
1606,5
1607,5
1608,0
1608,1
1608,3
1608,4
1609,3
1610,5
1611,5
1612,0
1613,0
1613,1
1613,3
1613,4
1614,3
1615,0
1615,1
1615,3
1615,4
1616,0
1616,1
1616,3
1616,4
1617,5
1618,5
1619,3
1620,5
1621,3
1622,3
1623,0
1623,1
1623,3
1623,4
1624,5
1625,0
1625,1
1625,3
1625,4
1626,5
1627,5
1628,3
1629,5
1630,5
1631,0
1631,1
1631,3
1631,4
1632,5
1633,5
1634,5
1635,3
1636,3
1637,5
1638,0
1638,1
1638,3
1638,4
1639,3
1640,3
1641,5
1642,3
1643,5
1644,3
1645,3
1646,3
1647,5
1648,3
1649,0
1649,1
1649,3
1649,4
1650,0
1651,3
1652,3
1653,0
1654,5
1655,0
1656,5
1657,5
1658,0
1658,1
1658,3
1658,4
1659,5
1660,0
1660,1
1660,3
1660,4
1661,0
1661,1
1661,3
1661,4
1662,5
1663,0
1663,1
1663,3
1663,4
1664,0
1664,1
1664,3
1664,4
1665,3
1666,0
1666,1
1666,3
1666,4
1667,3
1668,5
1669,3
1670,5
1671,3
1672,5
1673,5
1674,0
1674,1
1674,3
1674,4
1675,5
1676,3
1677,5
1678,5
1679,3
1680,3
1681,3
1682,5
1683,0
1683,1
1683,3
1683,4
1684,3
1685,5
1686,5
1687,3
1688,5
1689,0
1689,1
1689,3
1689,4
1690,0
1690,1
1690,3
1690,4
1691,5
1692,5
1693,0
1693,1
1693,3
1693,4
1694,5
1695,5
1696,0
1697,5
1698,0
1698,1
1698,3
1698,4
1699,3
1700,0
1700,1
1700,3
1700,4
1701,5
1702,0
1702,1
1702,3
1702,4
1703,5
1704,0
1704,1
1704,3
1704,4
1705,5
1706,5
1707,5
1708,5
1709,5
1710,0
1710,1
1710,3
1710,4
1711,5
1712,5
1713,0
1713,1
1713,3
1713,4
1714,5
1715,0
1715,1
1715,3
1715,4
1716,0
1716,1
1716,3
1716,4
1717,5
1718,3
1719,0
1719,1
1719,3
1719,4
1720,0
1720,1
1720,3
1720,4
1721,5
1722,0
1722,1
1722,3
1722,4
1723,0
1723,1
1723,3
1723,4
1724,5
1725,5
1726,0
1726,1
1726,3
1726,4
1727,3
1728,3
1729,3
1730,0
1730,1
1730,3
1730,4
1731,5
1732,3
1733,0
1733,1
1733,3
1733,4
1734,0
1734,1
1734,3
1734,4
1735,5
1736,5
1737,5
1738,3
1739,5
1740,0
1741,0
1741,1
1741,3
1741,4
1742,5
1743,5
1744,0
1744,1
1744,3
1744,4
1745,5
1746,0
1746,1
1746,3
1746,4
1747,5
1748,5
1749,3
1750,5
1751,0
1751,1
1751,3
1751,4
1752,5
1753,0
1753,1
1753,3
1753,4
1754,5
1755,3
1756,5
1757,3
1758,5
1759,3
1760,3
1761,3
1762,3
1763,3
1764,3
1765,5
1766,3
1767,3
1768,3
1769,3
1770,3
1771,3
1772,3
1773,3
1774,3
1775,3
1776,5
1777,5
1778,3
1779,3
1780,3
1781,3
1782,3
1783,3
1784,3
1785,3
1786,3
1787,3
1788,3
1789,3
1790,3
1791,0
1791,1
1791,3
1791,4
1792,3
1793,3
1794,3
1795,3
1796,3
1797,3
1798,3
1799,3
1800,3
1801,3
1802,3
1803,3
1804,3
1805,3
1806,3
1807,0
1807,1
1807,3
1807,4
1808,3
1809,5
1810,3
1811,3
1812,3
1813,3
1814,0
1814,1
1814,3
1814,4
1815,3
1816,3
1817,3
1818,3
1819,3
1820,5
1821,3
1822,3
1823,3
1824,3
1825,3
1826,3
1827,5
1828,5
1829,0
1829,1
1829,3
1829,4
1830,3
1831,3
1832,5
1833,5
1834,3
1835,3
1836,3
1837,3
1838,3
1839,3
1840,3
1841,3
1842,3
1843,0
1843,1
1843,3
1843,4
1844,1
1844,3
1844,4
1845,1
1845,3
1845,4
1846,3
1847,3
1848,3
1849,3
1850,3
1851,3
1852,3
1853,3
1854,5
1855,5
1856,3
1857,3
1858,5
1859,5
1860,0
1860,1
1860,3
1860,4
1861,0
1862,5
1863,3
1864,3
1865,3
1866,3
1867,5
1868,0
1868,1
1868,3
1868,4
1869,3
1870,3
1871,5
1872,0
1872,1
1872,3
1872,4
1873,0
1873,1
1873,3
1873,4
1874,3
1875,3
1876,3
1877,3
1878,4
1879,5
1880,0
1880,1
1880,3
1880,4
1881,3
1882,3
1883,3
1884,3
1885,3
1886,3
1887,0
1887,1
1887,3
1887,4
1888,3
1889,5
1890,3
1891,0
1891,1
1891,3
1891,4
1892,5
1893,5
1894,5
1895,0
1895,1
1895,3
1895,4
1896,5
1897,0
1897,1
1897,3
1897,4
1898,5
1899,3
1900,3
1901,5
1902,3
1903,5
1904,5
1905,3
1906,0
1906,1
1906,3
1906,4
1907,3
1908,5
1909,0
1909,1
1909,3
1909,4
1910,0
1910,1
1910,3
1910,4
1911,5
1912,5
1913,5
1914,3
1915,3
1916,5
1917,5
1918,0
1918,1
1918,3
1918,4
1919,5
1920,5
1921,3
1922,0
1922,1
1922,3
1922,4
1923,0
1923,1
1923,3
1923,4
1924,5
1925,3
1926,3
1927,0
1928,0
1928,1
1928,3
1928,4
1929,3
1930,5
1931,5
1932,5
1933,5
1934,0
1935,5
1936,5
1937,0
1937,1
1937,3
1937,4
1938,3
1939,5
1940,0
1940,1
1940,3
1940,4
1941,5
1942,5
1943,5
1944,5
1945,0
1945,1
1945,3
1945,4
1946,5
1947,0
1947,1
1947,3
1947,4
1948,0
1948,1
1948,3
1948,4
1949,0
1949,1
1949,3
1949,4
1950,3
1951,3
1952,5
1953,5
1954,3
1955,5
1956,3
1957,0
1957,1
1957,3
1957,4
1958,0
1958,1
1958,3
1958,4
1959,3
1960,0
1960,1
1960,3
1960,4
1961,3
1962,4
1963,0
1963,1
1963,3
1963,4
1964,5
1965,0
1965,1
1965,3
1965,4
1966,0
1966,1
1966,3
1966,4
1967,5
1968,0
1968,1
1968,3
1968,4
1969,3
1970,3
1971,3
1972,3
1973,3
1974,5
1975,0
1975,1
1975,3
1975,4
1976,1
1976,3
1976,4
1977,0
1977,1
1977,3
1977,4
1978,4
1979,5
1980,3
1981,3
1982,5
1983,0
1983,1
1983,3
1983,4
1984,3
1985,3
1986,3
1987,5
1988,5
1989,0
1989,1
1989,3
1989,4
1990,0
1990,1
1990,3
1990,4
1991,0
1991,1
1991,3
1991,4
1992,3
1993,3
1994,3
1995,5
1996,3
1997,3
1998,0
1998,1
1998,3
1998,4
1999,0
1999,1
1999,3
1999,4
2000,3
2001,0
2001,1
2001,3
2001,4
2002,0
2002,1
2002,3
2002,4
2003,3
2004,3
2005,5
2006,5
2007,3
2008,0
2008,1
2008,3
2008,4
2009,5
2010,0
2010,1
2010,3
2010,4
2011,0
2011,1
2011,3
2011,4
2012,5
2013,5
2014,0
2014,1
2014,3
2014,4
2015,0
2015,1
2015,3
2015,4
2016,5
2017,0
2017,1
2017,3
2017,4
2018,5
2019,0
2019,1
2019,3
2019,4
2020,0
2020,1
2020,3
2020,4
2021,0
2021,1
2021,3
2021,4
2022,0
2022,1
2022,3
2022,4
2023,5
2024,5
2025,0
2025,1
2025,3
2025,4
2026,5
2027,5
2028,0
2028,1
2028,3
2028,4
2029,0
2029,1
2029,3
2029,4
2030,0
2030,1
2030,3
2030,4
2031,5
2032,0
2032,1
2032,3
2032,4
2033,5
2034,3
2035,5
2036,5
2037,3
2038,5
2039,3
2040,5
2041,5
2042,0
2042,1
2042,3
2042,4
2043,0
2043,1
2043,3
2043,4
2044,5
2045,3
2046,0
2046,1
2046,3
2046,4
2047,3
2048,5
2049,5
2050,3
2051,5
2052,3
2053,0
2053,1
2053,3
2053,4
2054,0
2054,1
2054,3
2054,4
2055,5
2056,5
2057,3
2058,0
2058,1
2058,3
2058,4
2059,5
2060,0
2060,1
2060,3
2060,4
2061,0
2061,1
2061,3
2061,4
2062,3
2063,0
2063,1
2063,3
2063,4
2064,3
2065,1
2066,3
2067,0
2067,1
2067,3
2067,4
2068,0
2068,1
2068,3
2068,4
2069,3
2070,3
2071,0
2071,1
2071,3
2071,4
2072,3
2073,3
2074,3
2075,0
2075,1
2075,3
2075,4
2076,5
2077,0
2077,1
2077,3
2077,4
2078,3
2079,5
2080,3
2081,3
2082,0
2082,1
2082,3
2082,4
2083,3
2084,5
2085,3
2086,3
2087,0
2087,1
2087,3
2087,4
2088,0
2088,1
2088,3
2088,4
2089,3
2090,0
2090,1
2090,3
2090,4
2091,3
2092,4
2093,0
2093,1
2093,3
2093,4
2094,5
2095,3
2096,3
2097,3
2098,0
2098,1
2098,3
2098,4
2099,3
2100,3
2101,0
2101,1
2101,3
2101,4
2102,3
2103,3
2104,3
2105,3
2106,3
2107,3
2108,5
2109,0
2109,1
2109,3
2109,4
2110,3
2111,3
2112,3
2113,0
2114,0
2114,1
2114,3
2114,4
2115,5
2116,3
2117,3
2118,3
2119,5
2120,0
2120,1
2120,3
2120,4
2121,3
2122,3
2123,0
2124,3
2125,0
2125,1
2125,3
2125,4
2126,3
2127,3
2128,3
2129,0
2129,1
2129,3
2129,4
2130,3
2131,0
2131,1
2131,3
2131,4
2132,0
2132,1
2132,3
2132,4
2133,5
2134,0
2135,5
2136,0
2136,1
2136,3
2136,4
2137,3
2138,0
2139,0
2140,5
2141,5
2142,5
2143,5
2144,1
2145,0
2146,3
2147,0
2147,1
2147,3
2147,4
2148,3
2149,0
2149,1
2149,3
2149,4
2150,5
2151,0
2152,5
2153,4
2154,5
2155,0
2156,3
2157,3
2158,3
2159,0
2159,1
2159,3
2159,4
2160,0
2160,1
2160,3
2160,4
2161,0
2161,1
2161,3
2161,4
2162,5
2163,5
2164,3
2165,3
2166,3
2167,3
2168,0
2168,1
2168,3
2168,4
2169,3
2170,5
2171,5
2172,0
2172,1
2172,3
2172,4
2173,5
2174,0
2175,5
2176,5
2177,0
2177,1
2177,3
2177,4
2178,3
2179,0
2179,1
2179,3
2179,4
2180,3
2181,3
2182,0
2183,5
2184,0
2184,1
2184,3
2184,4
2185,0
2185,1
2185,3
2185,4
2186,0
2187,5
2188,0
2188,1
2188,3
2188,4
2189,5
2190,0
2190,1
2190,3
2190,4
2191,5
2192,3
2193,0
2194,3
2195,5
2196,5
2197,3
2198,5
2199,0
2199,1
2199,3
2199,4
2200,3
2201,0
2201,1
2201,3
2201,4
2202,0
2202,1
2202,3
2202,4
2203,3
2204,3
2205,5
2206,5
2207,3
2208,3
2209,3
2210,0
2210,1
2210,3
2210,4
2211,3
2212,0
2212,1
2212,3
2212,4
2213,5
2214,5
2215,3
2216,5
2217,3
2218,5
2219,5
2220,3
2221,5
2222,3
2223,0
2224,5
2225,3
2226,3
2227,5
2228,0
2228,1
2228,3
2228,4
2229,3
2230,3
2231,5
2232,5
2233,0
2234,3
2235,5
2236,5
2237,0
2237,1
2237,3
2237,4
2238,0
2238,1
2238,3
2238,4
2239,3
2240,3
2241,3
2242,3
2243,3
2244,5
2245,5
2246,5
2247,3
2248,3
2249,5
2250,0
2250,1
2250,3
2250,4
2251,0
2251,1
2251,3
2251,4
2252,0
2252,1
2252,3
2252,4
2253,0
2253,1
2253,3
2253,4
2254,3
2255,0
2255,1
2255,3
2255,4
2256,3
2257,5
2258,0
2259,3
2260,3
2261,3
2262,3
2263,0
2264,3
2265,5
2266,0
2267,5
2268,5
2269,5
2270,5
2271,5
2272,3
2273,0
2274,5
2275,5
2276,0
2276,1
2276,3
2276,4
2277,0
2277,1
2277,3
2277,4
2278,0
2278,1
2278,3
2278,4
2279,5
2280,5
2281,0
2281,1
2281,3
2281,4
2282,5
2283,3
2284,3
2285,0
2285,1
2285,3
2285,4
2286,5
2287,5
2288,5
2289,3
2290,0
2291,0
2291,1
2291,3
2291,4
2292,0
2292,1
2292,3
2292,4
2293,5
2294,3
2295,0
2295,1
2295,3
2295,4
2296,0
2296,1
2296,3
2296,4
2297,3
2298,3
2299,3
2300,5
2301,0
2302,5
2303,5
2304,5
2305,5
2306,5
2307,3
2308,3
2309,1
2310,3
2311,3
2312,3
2313,5
2314,5
2315,5
2316,3
2317,3
2318,3
2319,3
2320,5
2321,0
2321,1
2321,3
2321,4
2322,0
2322,1
2322,3
2322,4
2323,5
2324,0
2324,1
2324,3
2324,4
2325,5
2326,0
2326,1
2326,3
2326,4
2327,0
2327,1
2327,3
2327,4
2328,3
2329,5
2330,5
2331,5
2332,3
2333,0
2333,1
2333,3
2333,4
2334,5
2335,5
2336,5
2337,5
2338,0
2338,1
2338,3
2338,4
2339,0
2339,1
2339,3
2339,4
2340,5
2341,3
2342,5
2343,3
2344,0
2344,1
2344,3
2344,4
2345,0
2345,1
2345,3
2345,4
2346,0
2346,1
2346,3
2346,4
2347,3
2348,3
2349,3
2350,3
2351,3
2352,3
2353,3
2354,3
2355,3
2356,3
2357,3
2358,3
2359,5
2360,3
2361,3
2362,3
2363,3
2364,3
2365,3
2366,3
2367,3
2368,3
2369,3
2370,3
2371,3
2372,3
2373,3
2374,3
2375,3
2376,3
2377,3
2378,3
2379,3
2380,3
2381,3
2382,3
2383,3
2384,3
2385,3
2386,5
2387,3
2388,3
2389,3
2390,3
2391,3
2392,5
2393,3
2394,5
2395,3
2396,3
2397,5
2398,5
2399,5
2400,3
2401,3
2402,5
2403,3
2404,3
2405,3
2406,3
2407,3
2408,3
2409,3
2410,3
2411,3
2412,5
2413,3
2414,3
2415,3
2416,0
2417,0
2417,1
2417,3
2417,4
2418,4
2419,3
2420,5
2421,3
2422,5
2423,3
2424,0
2424,1
2424,3
2424,4
2425,5
2426,5
2427,5
2428,0
2429,3
2430,5
2431,3
2432,1
2433,3
2434,3
2435,0
2435,1
2435,3
2435,4
2436,3
2437,3
2438,3
2439,3
2440,3
2441,3
2442,3
2443,5
2444,0
2444,1
2444,3
2444,4
2445,3
2446,5
2447,5
2448,5
2449,5
2450,0
2450,1
2450,3
2450,4
2451,5
2452,0
2452,1
2452,3
2452,4
2453,5
2454,5
2455,5
2456,5
2457,3
2458,3
2459,0
2459,1
2459,3
2459,4
2460,5
2461,5
2462,5
2463,0
2463,1
2463,3
2463,4
2464,3
2465,3
2466,3
2467,3
2468,5
2469,5
2470,5
2471,3
2472,3
2473,3
2474,3
2475,3
2476,3
2477,3
2478,3
2479,3
2480,5
2481,5
2482,3
2483,0
2483,1
2483,3
2483,4
2484,3
2485,3
2486,3
2487,3
2488,3
2489,5
2490,3
2491,3
2492,5
2493,0
2493,1
2493,3
2493,4
2494,3
2495,3
2496,3
2497,3
2498,3
2499,5
2500,3
2501,3
2502,3
2503,3
2504,3
2505,3
2506,3
2507,3
2508,5
2509,5
2510,3
2511,3
2512,3
2513,3
2514,5
2515,3
2516,3
2517,3
2518,3
2519,3
2520,5
2521,3
2522,3
2523,3
2524,3
2525,3
2526,5
2527,3
2528,3
2529,3
2530,3
2531,3
2532,3
2533,3
2534,3
2535,0
2535,1
2535,3
2535,4
2536,3
2537,5
2538,5
2539,0
2539,1
2539,3
2539,4
2540,3
2541,5
2542,3
2543,3
2544,3
2545,3
2546,3
2547,3
2548,3
2549,3
2550,5
2551,3
2552,0
2552,1
2552,3
2552,4
2553,3
2554,3
2555,5
2556,0
2557,5
2558,3
2559,3
2560,3
2561,3
2562,3
2563,3
2564,3
2565,5
2566,5
2567,0
2568,3
2569,3
2570,3
2571,0
2571,1
2571,3
2571,4
2572,3
2573,0
2573,1
2573,3
2573,4
2574,5
2575,5
2576,0
2576,1
2576,3
2576,4
2577,3
2578,0
2578,1
2578,3
2578,4
2579,5
2580,5
2581,5
2582,5
2583,0
2584,5
2585,5
2586,3
2587,5
2588,0
2589,5
2590,0
2590,1
2590,3
2590,4
2591,5
2592,5
2593,5
2594,5
2595,0
2595,1
2595,3
2595,4
2596,5
2597,0
2597,1
2597,3
2597,4
2598,0
2599,0
2599,1
2599,3
2599,4
2600,0
2600,1
2600,3
2600,4
2601,0
2601,1
2601,3
2601,4
2602,0
2602,1
2602,3
2602,4
2603,5
2604,5
2605,5
2606,0
2606,1
2606,3
2606,4
2607,0
2607,1
2607,3
2607,4
2608,0
2608,1
2608,3
2608,4
2609,5
2610,5
2611,0
2611,1
2611,3
2611,4
2612,0
2612,1
2612,3
2612,4
2613,5
2614,5
2615,5
2616,0
2616,1
2616,3
2616,4
2617,5
2618,0
2618,1
2618,3
2618,4
2619,3
2620,3
2621,5
2622,0
2622,1
2622,3
2622,4
2623,0
2623,1
2623,3
2623,4
2624,0
2624,1
2624,3
2624,4
2625,0
2625,1
2625,3
2625,4
2626,0
2626,1
2626,3
2626,4
2627,0
2627,1
2627,3
2627,4
2628,3
2629,0
2629,1
2629,3
2629,4
2630,5
2631,0
2632,5
2633,5
2634,5
2635,0
2635,1
2635,3
2635,4
2636,0
2636,1
2636,3
2636,4
2637,3
2638,3
2639,0
2640,3
2641,0
2641,1
2641,3
2641,4
2642,5
2643,3
2644,0
2644,1
2644,3
2644,4
2645,5
2646,5
2647,5
2648,0
2648,1
2648,3
2648,4
2649,5
2650,0
2650,1
2650,3
2650,4
2651,0
2651,1
2651,3
2651,4
2652,4
2653,3
2654,0
2654,1
2654,3
2654,4
2655,0
2655,1
2655,3
2655,4
2656,3
2657,5
2658,5
2659,5
2660,0
2660,1
2660,3
2660,4
2661,0
2661,1
2661,3
2661,4
2662,5
2663,5
2664,5
2665,0
2665,1
2665,3
2665,4
2666,5
2667,5
2668,5
2669,0
2669,1
2669,3
2669,4
2670,5
2671,5
2672,5
2673,5
2674,0
2674,1
2674,3
2674,4
2675,0
2675,1
2675,3
2675,4
2676,0
2676,1
2676,3
2676,4
2677,0
2677,1
2677,3
2677,4
2678,3
2679,0
2679,1
2679,3
2679,4
2680,0
2680,1
2680,3
2680,4
2681,5
2682,5
2683,5
2684,0
2684,1
2684,3
2684,4
2685,0
2685,1
2685,3
2685,4
2686,5
2687,5
2688,5
2689,0
2689,1
2689,3
2689,4
2690,5
2691,3
2692,0
2692,1
2692,3
2692,4
2693,3
2694,5
2695,0
2695,1
2695,3
2695,4
2696,5
2697,5
2698,0
2698,1
2698,3
2698,4
2699,5
2700,0
2700,1
2700,3
2700,4
2701,3
2702,5
2703,0
2703,1
2703,3
2703,4
2704,5
2705,3
2706,5
2707,0
2707,1
2707,3
2707,4
2708,0
2708,1
2708,3
2708,4
2709,0
2710,5
2711,0
2711,1
2711,3
2711,4
2712,3
2713,5
2714,3
2715,3
2716,0
2716,1
2716,3
2716,4
2717,0
2717,1
2717,3
2717,4
2718,5
2719,3
2720,0
2720,1
2720,3
2720,4
2721,3
2722,3
2723,0
2723,1
2723,3
2723,4
2724,0
2724,1
2724,3
2724,4
2725,3
2726,5
2727,0
2727,1
2727,3
2727,4
2728,0
2729,0
2729,1
2729,3
2729,4
2730,0
2730,1
2730,3
2730,4
2731,3
2732,3
2733,0
2733,1
2733,3
2733,4
2734,0
2734,1
2734,3
2734,4
2735,5
2736,5
2737,3
2738,3
2739,3
2740,0
2740,1
2740,3
2740,4
2741,5
2742,5
2743,3
2744,0
2744,1
2744,3
2744,4
2745,3
2746,5
2747,5
2748,3
2749,0
2749,1
2749,3
2749,4
2750,0
2750,1
2750,3
2750,4
2751,0
2752,4
2753,0
2754,0
2754,1
2754,3
2754,4
2755,0
2755,1
2755,3
2755,4
2756,5
2757,5
2758,5
2759,0
2759,1
2759,3
2759,4
2760,0
2760,1
2760,3
2760,4
2761,0
2761,1
2761,3
2761,4
2762,0
2762,1
2762,3
2762,4
2763,5
2764,0
2764,1
2764,3
2764,4
2765,3
2766,3
2767,3
2768,3
2769,5
2770,0
2770,1
2770,3
2770,4
2771,0
2771,1
2771,3
2771,4
2772,5
2773,3
2774,3
2775,3
2776,3
2777,3
2778,3
2779,3
2780,5
2781,3
2782,5
2783,3
2784,0
2784,1
2784,3
2784,4
2785,3
2786,3
2787,3
2788,0
2788,1
2788,3
2788,4
2789,0
2789,1
2789,3
2789,4
2790,0
2790,1
2790,3
2790,4
2791,3
2792,3
2793,5
2794,5
2795,3
2796,3
2797,0
2797,1
2797,3
2797,4
2798,3
2799,0
2799,1
2799,3
2799,4
2800,5
2801,5
2802,3
2803,5
2804,5
2805,5
2806,0
2806,1
2806,3
2806,4
2807,0
2807,1
2807,3
2807,4
2808,1
2809,0
2809,1
2809,3
2809,4
2810,0
2810,1
2810,3
2810,4
2811,5
2812,0
2812,1
2812,3
2812,4
2813,0
2813,1
2813,3
2813,4
2814,0
2814,1
2814,3
2814,4
2815,5
2816,5
2817,0
2817,1
2817,3
2817,4
2818,5
2819,5
2820,0
2820,1
2820,3
2820,4
2821,0
2821,1
2821,3
2821,4
2822,0
2822,1
2822,3
2822,4
2823,0
2823,1
2823,3
2823,4
2824,5
2825,3
2826,3
2827,0
2827,1
2827,3
2827,4
2828,0
2828,1
2828,3
2828,4
2829,5
2830,3
2831,0
2831,1
2831,3
2831,4
2832,0
2832,1
2832,3
2832,4
2833,5
2834,0
2834,1
2834,3
2834,4
2835,5
2836,3
2837,3
2838,0
2838,1
2838,3
2838,4
2839,3
2840,0
2840,1
2840,3
2840,4
2841,3
2842,5
2843,0
2844,3
2845,3
2846,3
2847,3
2848,3
2849,3
2850,3
2851,3
2852,3
2853,5
2854,5
2855,3
2856,3
2857,0
2857,1
2857,3
2857,4
2858,0
2858,1
2858,3
2858,4
2859,5
2860,5
2861,5
2862,0
2862,1
2862,3
2862,4
2863,5
2864,5
2865,0
2865,1
2865,3
2865,4
2866,1
2867,5
2868,3
2869,3
2870,5
2871,5
2872,5
2873,4
2874,5
2875,3
2876,5
2877,0
2877,1
2877,3
2877,4
2878,5
2879,5
2880,0
2880,1
2880,3
2880,4
2881,3
2882,3
2883,3
2884,0
2884,1
2884,3
2884,4
2885,5
2886,3
2887,3
2888,0
2888,1
2888,3
2888,4
2889,0
2889,1
2889,3
2889,4
2890,5
2891,3
2892,0
2892,1
2892,3
2892,4
2893,3
2894,5
2895,5
2896,5
2897,3
2898,5
2899,3
2900,3
2901,5
2902,5
2903,3
2904,3
2905,5
2906,5
2907,0
2907,1
2907,3
2907,4
2908,0
2908,1
2908,3
2908,4
2909,0
2909,1
2909,3
2909,4
2910,0
2910,1
2910,3
2910,4
2911,3
2912,5
2913,5
2914,0
2914,1
2914,3
2914,4
2915,0
2916,5
2917,5
2918,3
2919,5
2920,5
2921,0
2921,1
2921,3
2921,4
2922,3
2923,5
2924,0
2924,1
2924,3
2924,4
2925,0
2925,1
2925,3
2925,4
2926,3
2927,3
2928,0
2928,1
2928,3
2928,4
2929,5
2930,0
2930,1
2930,3
2930,4
2931,5
2932,3
2933,5
2934,3
2935,3
2936,3
2937,3
2938,0
2938,1
2938,3
2938,4
2939,0
2939,1
2939,3
2939,4
2940,0
2940,1
2940,3
2940,4
2941,3
2942,3
2943,0
2943,1
2943,3
2943,4
2944,1
2945,5
2946,0
2946,1
2946,3
2946,4
2947,0
2948,5
2949,5
2950,3
2951,1
2952,0
2952,1
2952,3
2952,4
2953,0
2953,1
2953,3
2953,4
2954,5
2955,5
2956,5
2957,1
2958,0
2958,1
2958,3
2958,4
2959,0
2959,1
2959,3
2959,4
2960,5
2961,5
2962,5
2963,1
2964,3
2965,0
2965,1
2965,3
2965,4
2966,0
2966,1
2966,3
2966,4
2967,3
2968,0
2968,1
2968,3
2968,4
2969,5
2970,0
2970,1
2970,3
2970,4
2971,5
2972,1
2973,0
2973,1
2973,3
2973,4
2974,5
2975,5
2976,5
2977,3
2978,3
2979,0
2980,0
2980,1
2980,3
2980,4
2981,5
2982,5
2983,0
2984,5
2985,0
2985,1
2985,3
2985,4
2986,0
2986,1
2986,3
2986,4
2987,5
2988,0
2988,1
2988,3
2988,4
2989,5
2990,0
2991,0
2991,1
2991,3
2991,4
2992,1
2993,3
2994,4
2995,5
2996,5
2997,1
2998,0
2999,1
3000,5
3001,1
3002,5
3003,3
3004,5
3005,3
3006,5
3007,3
3008,5
3009,5
3010,5
3011,5
3012,3
3013,3
3014,3
3015,0
3015,1
3015,3
3015,4
3016,5
3017,0
3018,5
3019,5
3020,3
3021,0
3021,1
3021,3
3021,4
3022,5
3023,5
3024,5
3025,5
3026,0
3026,1
3026,3
3026,4
3027,0
3028,0
3028,1
3028,3
3028,4
3029,5
3030,0
3031,5
3032,0
3032,1
3032,3
3032,4
3033,5
3034,1
3035,5
3036,1
3037,5
3038,3
3039,5
3040,5
3041,5
3042,5
3043,5
3044,0
3044,1
3044,3
3044,4
3045,0
3045,1
3045,3
3045,4
3046,0
3047,0
3047,1
3047,3
3047,4
3048,0
3048,1
3048,3
3048,4
3049,5
3050,5
3051,0
3052,0
3052,1
3052,3
3052,4
3053,0
3053,1
3053,3
3053,4
3054,0
3054,1
3054,3
3054,4
3055,5
3056,1
3057,0
3057,1
3057,3
3057,4
3058,0
3058,1
3058,3
3058,4
3059,0
3059,1
3059,3
3059,4
3060,5
3061,0
3061,1
3061,3
3061,4
3062,5
3063,4
3064,0
3064,1
3064,3
3064,4
3065,3
3066,0
3066,1
3066,3
3066,4
3067,5
3068,3
3069,0
3069,1
3069,3
3069,4
3070,5
3071,0
3071,1
3071,3
3071,4
3072,0
3072,1
3072,3
3072,4
3073,3
3074,0
3074,1
3074,3
3074,4
3075,1
3076,0
3076,1
3076,3
3076,4
3077,0
3077,1
3077,3
3077,4
3078,5
3079,0
3079,1
3079,3
3079,4
3080,0
3081,3
3082,0
3082,1
3082,3
3082,4
3083,5
3084,5
3085,0
3085,1
3085,3
3085,4
3086,5
3087,5
3088,5
3089,0
3089,1
3089,3
3089,4
3090,3
3091,3
3092,3
3093,0
3094,3
3095,0
3095,1
3095,3
3095,4
3096,0
3096,1
3096,3
3096,4
3097,5
3098,3
3099,5
3100,0
3100,1
3100,3
3100,4
3101,5
3102,5
3103,0
3103,1
3103,3
3103,4
3104,0
3104,1
3104,3
3104,4
3105,0
3105,1
3105,3
3105,4
3106,0
3106,1
3106,3
3106,4
3107,0
3107,1
3107,3
3107,4
3108,5
3109,0
3109,1
3109,3
3109,4
3110,5
3111,5
3112,0
3112,1
3112,3
3112,4
3113,5
3114,0
3114,1
3114,3
3114,4
3115,5
3116,0
3116,1
3116,3
3116,4
3117,1
3118,0
3119,4
3120,3
3121,3
3122,0
3122,1
3122,3
3122,4
3123,0
3123,1
3123,3
3123,4
3124,0
3124,1
3124,3
3124,4
3125,1
3126,3
3127,5
3128,0
3128,1
3128,3
3128,4
3129,5
3130,5
3131,5
3132,0
3132,1
3132,3
3132,4
3133,0
3133,1
3133,3
3133,4
3134,3
3135,5
3136,5
3137,5
3138,0
3139,3
3140,0
3141,3
3142,3
3143,3
3144,3
3145,3
3146,0
3146,1
3146,3
3146,4
3147,3
3148,3
3149,0
3149,1
3149,3
3149,4
3150,0
3150,1
3150,3
3150,4
3151,5
3152,5
3153,0
3153,1
3153,3
3153,4
3154,3
3155,5
3156,5
3157,0
3157,1
3157,3
3157,4
3158,1
3159,3
3160,5
3161,3
3162,0
3162,1
3162,3
3162,4
3163,0
3163,1
3163,3
3163,4
3164,5
3165,1
3166,3
3167,3
3168,0
3169,0
3169,1
3169,3
3169,4
3170,5
3171,1
3172,3
3173,0
3173,1
3173,3
3173,4
3174,5
3175,3
3176,3
3177,3
3178,3
3179,3
3180,3
3181,3
3182,3
3183,5
3184,1
3185,3
3186,0
3186,1
3186,3
3186,4
3187,0
3187,1
3187,3
3187,4
3188,0
3188,1
3188,3
3188,4
3189,3
3190,5
3191,0
3192,3
3193,3
3194,5
3195,3
3196,3
3197,5
3198,5
3199,5
3200,0
3200,1
3200,3
3200,4
3201,5
3202,0
3202,1
3202,3
3202,4
3203,3
3204,3
3205,3
3206,0
3206,1
3206,3
3206,4
3207,5
3208,5
3209,5
3210,5
3211,0
3211,1
3211,3
3211,4
3212,5
3213,5
3214,3
3215,3
3216,5
3217,0
3217,1
3217,3
3217,4
3218,5
3219,3
3220,3
3221,0
3221,1
3221,3
3221,4
3222,1
3223,3
3224,5
3225,3
3226,3
3227,0
3227,1
3227,3
3227,4
3228,3
3229,3
3230,0
3230,1
3230,3
3230,4
3231,3
3232,5
3233,0
3233,1
3233,3
3233,4
3234,3
3235,3
3236,5
3237,5
3238,0
3238,1
3238,3
3238,4
3239,5
3240,5
3241,0
3241,1
3241,3
3241,4
3242,3
3243,0
3243,1
3243,3
3243,4
3244,3
3245,5
3246,4
3247,5
3248,5
3249,0
3249,1
3249,3
3249,4
3250,0
3250,1
3250,3
3250,4
3251,0
3251,1
3251,3
3251,4
3252,5
3253,3
3254,3
3255,4
3256,0
3256,1
3256,3
3256,4
3257,3
3258,3
3259,3
3260,3
3261,3
3262,3
3263,3
3264,3
3265,0
3265,1
3265,3
3265,4
3266,3
3267,5
3268,5
3269,3
3270,5
3271,3
3272,5
3273,5
3274,0
3274,1
3274,3
3274,4
3275,3
3276,0
3276,1
3276,3
3276,4
3277,0
3277,1
3277,3
3277,4
3278,5
3279,3
3280,3
3281,3
3282,3
3283,0
3284,3
3285,0
3285,1
3285,3
3285,4
3286,0
3286,1
3286,3
3286,4
3287,3
3288,3
3289,5
3290,0
3290,1
3290,3
3290,4
3291,3
3292,3
3293,0
3293,1
3293,3
3293,4
3294,0
3294,1
3294,3
3294,4
3295,3
3296,3
3297,3
3298,3
3299,5
3300,5
3301,3
3302,0
3302,1
3302,3
3302,4
3303,3
3304,3
3305,5
3306,0
3307,3
3308,0
3309,0
3309,1
3309,3
3309,4
3310,3
3311,3
3312,1
3313,0
3313,1
3313,3
3313,4
3314,0
3315,3
3316,1
3317,5
3318,5
3319,0
3319,1
3319,3
3319,4
3320,3
3321,3
3322,1
3323,0
3323,1
3323,3
3323,4
3324,3
3325,5
3326,0
3326,1
3326,3
3326,4
3327,0
3327,1
3327,3
3327,4
3328,0
3328,1
3328,3
3328,4
3329,5
3330,5
3331,0
3331,1
3331,3
3331,4
3332,5
3333,0
3333,1
3333,3
3333,4
3334,4
3335,0
3335,1
3335,3
3335,4
3336,0
3336,1
3336,3
3336,4
3337,5
3338,5
3339,5
3340,5
3341,5
3342,0
3342,1
3342,3
3342,4
3343,0
3343,1
3343,3
3343,4
3344,0
3344,1
3344,3
3344,4
3345,0
3345,1
3345,3
3345,4
3346,5
3347,0
3348,0
3348,1
3348,3
3348,4
3349,5
3350,0
3350,1
3350,3
3350,4
3351,5
3352,0
3352,1
3352,3
3352,4
3353,0
3353,1
3353,3
3353,4
3354,0
3354,1
3354,3
3354,4
3355,0
3356,0
3356,1
3356,3
3356,4
3357,3
3358,5
3359,3
3360,5
3361,5
3362,0
3362,1
3362,3
3362,4
3363,5
3364,5
3365,5
3366,5
3367,0
3367,1
3367,3
3367,4
3368,5
3369,0
3369,1
3369,3
3369,4
3370,0
3370,1
3370,3
3370,4
3371,3
3372,5
3373,5
3374,0
3374,1
3374,3
3374,4
3375,0
3375,1
3375,3
3375,4
3376,5
3377,0
3377,1
3377,3
3377,4
3378,5
3379,5
3380,5
3381,0
3382,0
3382,1
3382,3
3382,4
3383,3
3384,1
3385,1
3386,4
3387,1
3388,1
3389,4
3390,4
3391,1
3392,4
3393,0
3394,5
3395,5
3396,5
3397,5
3398,5
3399,0
3399,1
3399,3
3399,4
3400,0
3400,1
3400,3
3400,4
3401,0
3401,1
3401,3
3401,4
3402,0
3402,1
3402,3
3402,4
3403,0
3403,1
3403,3
3403,4
3404,0
3405,3
3406,3
3407,0
3408,5
3409,0
3409,1
3409,3
3409,4
3410,0
3410,1
3410,3
3410,4
3411,0
3411,1
3411,3
3411,4
3412,5
3413,5
3414,0
3414,1
3414,3
3414,4
3415,3
3416,3
3417,5
3418,4
3419,0
3420,5
3421,0
3421,1
3421,3
3421,4
3422,0
3423,4
3424,0
3424,1
3424,3
3424,4
3425,0
3425,1
3425,3
3425,4
3426,0
3427,0
3428,0
3429,0
3430,0
3431,0
3432,0
3433,1
3434,3
3435,5
3436,0
3436,1
3436,3
3436,4
3437,5
3438,5
3439,5
3440,5
3441,0
3442,5
3443,5
3444,1
3445,5
3446,5
3447,5
3448,5
3449,0
3450,0
3450,1
3450,3
3450,4
3451,1
3452,5
3453,0
3453,1
3453,3
3453,4
3454,5
3455,5
3456,1
3457,0
3457,1
3457,3
3457,4
3458,0
3459,0
3459,1
3459,3
3459,4
3460,0
3460,1
3460,3
3460,4
3461,5
3462,5
3463,0
3463,1
3463,3
3463,4
3464,0
3464,1
3464,3
3464,4
3465,5
3466,5
3467,3
3468,5
3469,5
3470,3
3471,0
3471,1
3471,3
3471,4
3472,3
3473,0
3473,1
3473,3
3473,4
3474,0
3474,1
3474,3
3474,4
3475,0
3475,1
3475,3
3475,4
3476,5
3477,3
3478,0
3479,0
3479,1
3479,3
3479,4
3480,5
3481,5
3482,0
3482,1
3482,3
3482,4
3483,0
3483,1
3483,3
3483,4
3484,0
3484,1
3484,3
3484,4
3485,5
3486,5
3487,3
3488,3
3489,0
3490,0
3491,3
3492,3
3493,3
3494,4
3495,5
3496,3
3497,3
3498,5
3499,0
3499,1
3499,3
3499,4
3500,5
3501,0
3502,0
3502,1
3502,3
3502,4
3503,3
3504,3
3505,3
3506,0
3506,1
3506,3
3506,4
3507,5
3508,0
3508,1
3508,3
3508,4
3509,0
3509,1
3509,3
3509,4
3510,0
3510,1
3510,3
3510,4
3511,5
3512,5
3513,5
3514,5
3515,5
3516,5
